run_id	pair_id	rfam_acc	direction	replicate	query_rep	target_rep	query_star3d_id	target_star3d_id	query_chain	target_chain	command	image	image_id	star3d_tarball_sha256	query_input_sha256	target_input_sha256	query_npk_ct_sha256	target_npk_ct_sha256	query_mca_sha256	target_mca_sha256	parameters	started_utc	duration_s	exit_code	stdout	stderr	output_aln	output_sha256	aligned_n	rmsd	status	note	reference_source	rfam_release	seed_sha256	code_commit
RF00059__2GDI_X__3D2G_A__a1__preprocess_2gdix	RF00059__2GDI_X__3D2G_A	RF00059	preprocess	NA	NA	NA	NA	NA	NA	NA	java -cp STAR3D.jar Preprocess 2gdix X	star3d-runtime:1	sha256:e1602e600f599264c7ca239202433dd009118214db05459744a7d3e59aa61b7e	c9da44059d9cfc40828e798ebd4f6194c55415e17aaae7d90ac0f849ec2ed946	NA	NA	NA	NA	NA	NA	NA	2026-10-09T05:34:34+00:00	4.96	0	runs/RF00059__2GDI_X__3D2G_A/attempt1/logs/preprocess_2gdix.stdout	runs/RF00059__2GDI_X__3D2G_A/attempt1/logs/preprocess_2gdix.stderr	runs/RF00059__2GDI_X__3D2G_A/attempt1/STAR3D_source/STAR3D_struct_info/2gdix_X.npk.ct	6ea329c4c84a2e4e541ba19ce22b1d9cec680b9c3c1ce7ded073697dcc9ee40b	NA	NA	completed	NA	Rfam.seed.gz	15.1	41f014f4ab5628620935f089b1bb77987ebc162fda7c72bff368a32c9cccabac	ac6ff555363cc225941a7af53b8fb9fb05989721
RF00059__2GDI_X__3D2G_A__a1__preprocess_3d2ga	RF00059__2GDI_X__3D2G_A	RF00059	preprocess	NA	NA	NA	NA	NA	NA	NA	java -cp STAR3D.jar Preprocess 3d2ga A	star3d-runtime:1	sha256:e1602e600f599264c7ca239202433dd009118214db05459744a7d3e59aa61b7e	c9da44059d9cfc40828e798ebd4f6194c55415e17aaae7d90ac0f849ec2ed946	NA	NA	NA	NA	NA	NA	NA	2026-10-09T05:34:40+00:00	5.11	0	runs/RF00059__2GDI_X__3D2G_A/attempt1/logs/preprocess_3d2ga.stdout	runs/RF00059__2GDI_X__3D2G_A/attempt1/logs/preprocess_3d2ga.stderr	runs/RF00059__2GDI_X__3D2G_A/attempt1/STAR3D_source/STAR3D_struct_info/3d2ga_A.npk.ct	1127bb70e6ef169cf5893d649eb1614bb1a824ff8b46d001c825ed079d017940	NA	NA	completed	NA	Rfam.seed.gz	15.1	41f014f4ab5628620935f089b1bb77987ebc162fda7c72bff368a32c9cccabac	ac6ff555363cc225941a7af53b8fb9fb05989721
RF00059__2GDI_X__3D2G_A__a1__forward__rep1	RF00059__2GDI_X__3D2G_A	RF00059	forward	1	RF00059__2GDI_X	RF00059__3D2G_A	2gdix	3d2ga	X	A	java -jar STAR3D.jar -o out/RF00059__2GDI_X__3D2G_A__a1__forward__rep1.aln -p 2gdix X 3d2ga A	star3d-runtime:1	sha256:e1602e600f599264c7ca239202433dd009118214db05459744a7d3e59aa61b7e	c9da44059d9cfc40828e798ebd4f6194c55415e17aaae7d90ac0f849ec2ed946	6470064a7e74aee463765c5390adfdb4216281c96abf91833f198136c04fc806	3910793aa2c13ebfb9f7d8fb38f05e82ab250476489eaa28aaa6c5209f3e6305	6ea329c4c84a2e4e541ba19ce22b1d9cec680b9c3c1ce7ded073697dcc9ee40b	1127bb70e6ef169cf5893d649eb1614bb1a824ff8b46d001c825ed079d017940	4f2ae351013968e4adb9dcbbf1efbd8a16ef756af42a01f913cb5fc093ef1cb1	7f989d8c608200814b436545e32dfdad3fb69a71e6c3cd615fdbfdab2a694270	defaults (-r 4.0 -s 3 -g -5 -e -2 -m 3 -i 0 -t 1) + -p	2026-10-09T05:34:46+00:00	3.68	0	runs/RF00059__2GDI_X__3D2G_A/attempt1/logs/RF00059__2GDI_X__3D2G_A__a1__forward__rep1.stdout	runs/RF00059__2GDI_X__3D2G_A/attempt1/logs/RF00059__2GDI_X__3D2G_A__a1__forward__rep1.stderr	runs/RF00059__2GDI_X__3D2G_A/attempt1/STAR3D_source/out/RF00059__2GDI_X__3D2G_A__a1__forward__rep1.aln	2645b54daf14d51896fafe1764e135eadd614cd8940a5726e786102603f2cda7	75	2.2	completed	NA	Rfam.seed.gz	15.1	41f014f4ab5628620935f089b1bb77987ebc162fda7c72bff368a32c9cccabac	ac6ff555363cc225941a7af53b8fb9fb05989721
RF00059__2GDI_X__3D2G_A__a1__forward__rep2	RF00059__2GDI_X__3D2G_A	RF00059	forward	2	RF00059__2GDI_X	RF00059__3D2G_A	2gdix	3d2ga	X	A	java -jar STAR3D.jar -o out/RF00059__2GDI_X__3D2G_A__a1__forward__rep2.aln -p 2gdix X 3d2ga A	star3d-runtime:1	sha256:e1602e600f599264c7ca239202433dd009118214db05459744a7d3e59aa61b7e	c9da44059d9cfc40828e798ebd4f6194c55415e17aaae7d90ac0f849ec2ed946	6470064a7e74aee463765c5390adfdb4216281c96abf91833f198136c04fc806	3910793aa2c13ebfb9f7d8fb38f05e82ab250476489eaa28aaa6c5209f3e6305	6ea329c4c84a2e4e541ba19ce22b1d9cec680b9c3c1ce7ded073697dcc9ee40b	1127bb70e6ef169cf5893d649eb1614bb1a824ff8b46d001c825ed079d017940	4f2ae351013968e4adb9dcbbf1efbd8a16ef756af42a01f913cb5fc093ef1cb1	7f989d8c608200814b436545e32dfdad3fb69a71e6c3cd615fdbfdab2a694270	defaults (-r 4.0 -s 3 -g -5 -e -2 -m 3 -i 0 -t 1) + -p	2026-10-09T05:34:50+00:00	3.53	0	runs/RF00059__2GDI_X__3D2G_A/attempt1/logs/RF00059__2GDI_X__3D2G_A__a1__forward__rep2.stdout	runs/RF00059__2GDI_X__3D2G_A/attempt1/logs/RF00059__2GDI_X__3D2G_A__a1__forward__rep2.stderr	runs/RF00059__2GDI_X__3D2G_A/attempt1/STAR3D_source/out/RF00059__2GDI_X__3D2G_A__a1__forward__rep2.aln	7fe6f842f9bf3050c1c448e95e3f7482457218c21b295cbf3e0a9917b9ebc3df	75	2.2	completed	NA	Rfam.seed.gz	15.1	41f014f4ab5628620935f089b1bb77987ebc162fda7c72bff368a32c9cccabac	ac6ff555363cc225941a7af53b8fb9fb05989721
RF00059__2GDI_X__3D2G_A__a1__forward__rep3	RF00059__2GDI_X__3D2G_A	RF00059	forward	3	RF00059__2GDI_X	RF00059__3D2G_A	2gdix	3d2ga	X	A	java -jar STAR3D.jar -o out/RF00059__2GDI_X__3D2G_A__a1__forward__rep3.aln -p 2gdix X 3d2ga A	star3d-runtime:1	sha256:e1602e600f599264c7ca239202433dd009118214db05459744a7d3e59aa61b7e	c9da44059d9cfc40828e798ebd4f6194c55415e17aaae7d90ac0f849ec2ed946	6470064a7e74aee463765c5390adfdb4216281c96abf91833f198136c04fc806	3910793aa2c13ebfb9f7d8fb38f05e82ab250476489eaa28aaa6c5209f3e6305	6ea329c4c84a2e4e541ba19ce22b1d9cec680b9c3c1ce7ded073697dcc9ee40b	1127bb70e6ef169cf5893d649eb1614bb1a824ff8b46d001c825ed079d017940	4f2ae351013968e4adb9dcbbf1efbd8a16ef756af42a01f913cb5fc093ef1cb1	7f989d8c608200814b436545e32dfdad3fb69a71e6c3cd615fdbfdab2a694270	defaults (-r 4.0 -s 3 -g -5 -e -2 -m 3 -i 0 -t 1) + -p	2026-10-09T05:34:53+00:00	3.3	0	runs/RF00059__2GDI_X__3D2G_A/attempt1/logs/RF00059__2GDI_X__3D2G_A__a1__forward__rep3.stdout	runs/RF00059__2GDI_X__3D2G_A/attempt1/logs/RF00059__2GDI_X__3D2G_A__a1__forward__rep3.stderr	runs/RF00059__2GDI_X__3D2G_A/attempt1/STAR3D_source/out/RF00059__2GDI_X__3D2G_A__a1__forward__rep3.aln	43c2b82c8aa90b0df1c1ce7b83807c9ac34ddc908688fe1ab09598a8df8a3a72	75	2.2	completed	NA	Rfam.seed.gz	15.1	41f014f4ab5628620935f089b1bb77987ebc162fda7c72bff368a32c9cccabac	ac6ff555363cc225941a7af53b8fb9fb05989721
RF00059__2GDI_X__3D2G_A__a1__reverse__rep1	RF00059__2GDI_X__3D2G_A	RF00059	reverse	1	RF00059__3D2G_A	RF00059__2GDI_X	3d2ga	2gdix	A	X	java -jar STAR3D.jar -o out/RF00059__2GDI_X__3D2G_A__a1__reverse__rep1.aln -p 3d2ga A 2gdix X	star3d-runtime:1	sha256:e1602e600f599264c7ca239202433dd009118214db05459744a7d3e59aa61b7e	c9da44059d9cfc40828e798ebd4f6194c55415e17aaae7d90ac0f849ec2ed946	3910793aa2c13ebfb9f7d8fb38f05e82ab250476489eaa28aaa6c5209f3e6305	6470064a7e74aee463765c5390adfdb4216281c96abf91833f198136c04fc806	1127bb70e6ef169cf5893d649eb1614bb1a824ff8b46d001c825ed079d017940	6ea329c4c84a2e4e541ba19ce22b1d9cec680b9c3c1ce7ded073697dcc9ee40b	7f989d8c608200814b436545e32dfdad3fb69a71e6c3cd615fdbfdab2a694270	4f2ae351013968e4adb9dcbbf1efbd8a16ef756af42a01f913cb5fc093ef1cb1	defaults (-r 4.0 -s 3 -g -5 -e -2 -m 3 -i 0 -t 1) + -p	2026-10-09T05:34:57+00:00	3.73	127	runs/RF00059__2GDI_X__3D2G_A/attempt1/logs/RF00059__2GDI_X__3D2G_A__a1__reverse__rep1.stdout	runs/RF00059__2GDI_X__3D2G_A/attempt1/logs/RF00059__2GDI_X__3D2G_A__a1__reverse__rep1.stderr	runs/RF00059__2GDI_X__3D2G_A/attempt1/STAR3D_source/out/RF00059__2GDI_X__3D2G_A__a1__reverse__rep1.aln	35b2c1a236c8746ba51067fa912e2c557f7433d9bccaf042d5d2249a7c1bdd40	NA	NA	failed	nonzero exit	Rfam.seed.gz	15.1	41f014f4ab5628620935f089b1bb77987ebc162fda7c72bff368a32c9cccabac	ac6ff555363cc225941a7af53b8fb9fb05989721
RF00059__2GDI_X__3D2G_A__a1__reverse__rep2	RF00059__2GDI_X__3D2G_A	RF00059	reverse	2	RF00059__3D2G_A	RF00059__2GDI_X	3d2ga	2gdix	A	X	java -jar STAR3D.jar -o out/RF00059__2GDI_X__3D2G_A__a1__reverse__rep2.aln -p 3d2ga A 2gdix X	star3d-runtime:1	sha256:e1602e600f599264c7ca239202433dd009118214db05459744a7d3e59aa61b7e	c9da44059d9cfc40828e798ebd4f6194c55415e17aaae7d90ac0f849ec2ed946	3910793aa2c13ebfb9f7d8fb38f05e82ab250476489eaa28aaa6c5209f3e6305	6470064a7e74aee463765c5390adfdb4216281c96abf91833f198136c04fc806	1127bb70e6ef169cf5893d649eb1614bb1a824ff8b46d001c825ed079d017940	6ea329c4c84a2e4e541ba19ce22b1d9cec680b9c3c1ce7ded073697dcc9ee40b	7f989d8c608200814b436545e32dfdad3fb69a71e6c3cd615fdbfdab2a694270	4f2ae351013968e4adb9dcbbf1efbd8a16ef756af42a01f913cb5fc093ef1cb1	defaults (-r 4.0 -s 3 -g -5 -e -2 -m 3 -i 0 -t 1) + -p	2026-10-09T05:35:00+00:00	4.26	0	runs/RF00059__2GDI_X__3D2G_A/attempt1/logs/RF00059__2GDI_X__3D2G_A__a1__reverse__rep2.stdout	runs/RF00059__2GDI_X__3D2G_A/attempt1/logs/RF00059__2GDI_X__3D2G_A__a1__reverse__rep2.stderr	runs/RF00059__2GDI_X__3D2G_A/attempt1/STAR3D_source/out/RF00059__2GDI_X__3D2G_A__a1__reverse__rep2.aln	a71d699cdccd7f52e84011dd3cb6bddf491ebfc6774b26f17dcc86141745a39d	75	2.2	completed	NA	Rfam.seed.gz	15.1	41f014f4ab5628620935f089b1bb77987ebc162fda7c72bff368a32c9cccabac	ac6ff555363cc225941a7af53b8fb9fb05989721
RF00059__2GDI_X__3D2G_A__a1__reverse__rep3	RF00059__2GDI_X__3D2G_A	RF00059	reverse	3	RF00059__3D2G_A	RF00059__2GDI_X	3d2ga	2gdix	A	X	java -jar STAR3D.jar -o out/RF00059__2GDI_X__3D2G_A__a1__reverse__rep3.aln -p 3d2ga A 2gdix X	star3d-runtime:1	sha256:e1602e600f599264c7ca239202433dd009118214db05459744a7d3e59aa61b7e	c9da44059d9cfc40828e798ebd4f6194c55415e17aaae7d90ac0f849ec2ed946	3910793aa2c13ebfb9f7d8fb38f05e82ab250476489eaa28aaa6c5209f3e6305	6470064a7e74aee463765c5390adfdb4216281c96abf91833f198136c04fc806	1127bb70e6ef169cf5893d649eb1614bb1a824ff8b46d001c825ed079d017940	6ea329c4c84a2e4e541ba19ce22b1d9cec680b9c3c1ce7ded073697dcc9ee40b	7f989d8c608200814b436545e32dfdad3fb69a71e6c3cd615fdbfdab2a694270	4f2ae351013968e4adb9dcbbf1efbd8a16ef756af42a01f913cb5fc093ef1cb1	defaults (-r 4.0 -s 3 -g -5 -e -2 -m 3 -i 0 -t 1) + -p	2026-10-09T05:35:05+00:00	3.61	0	runs/RF00059__2GDI_X__3D2G_A/attempt1/logs/RF00059__2GDI_X__3D2G_A__a1__reverse__rep3.stdout	runs/RF00059__2GDI_X__3D2G_A/attempt1/logs/RF00059__2GDI_X__3D2G_A__a1__reverse__rep3.stderr	runs/RF00059__2GDI_X__3D2G_A/attempt1/STAR3D_source/out/RF00059__2GDI_X__3D2G_A__a1__reverse__rep3.aln	b345eebffe55047481d07067fe1025e54e68b576de11af3a3ece5340ee5fd197	75	2.2	completed	NA	Rfam.seed.gz	15.1	41f014f4ab5628620935f089b1bb77987ebc162fda7c72bff368a32c9cccabac	ac6ff555363cc225941a7af53b8fb9fb05989721
RF00162__2GIS_A__4KQY_A__a1__preprocess_2gisa	RF00162__2GIS_A__4KQY_A	RF00162	preprocess	NA	NA	NA	NA	NA	NA	NA	java -cp STAR3D.jar Preprocess 2gisa A	star3d-runtime:1	sha256:e1602e600f599264c7ca239202433dd009118214db05459744a7d3e59aa61b7e	c9da44059d9cfc40828e798ebd4f6194c55415e17aaae7d90ac0f849ec2ed946	NA	NA	NA	NA	NA	NA	NA	2026-10-09T05:35:09+00:00	3.6	0	runs/RF00162__2GIS_A__4KQY_A/attempt1/logs/preprocess_2gisa.stdout	runs/RF00162__2GIS_A__4KQY_A/attempt1/logs/preprocess_2gisa.stderr	runs/RF00162__2GIS_A__4KQY_A/attempt1/STAR3D_source/STAR3D_struct_info/2gisa_A.npk.ct	48c45a86ee36257a81c739700b4092cb5c3af94a49302bd2b8675c9a8508eee8	NA	NA	completed	NA	Rfam.seed.gz	15.1	41f014f4ab5628620935f089b1bb77987ebc162fda7c72bff368a32c9cccabac	ac6ff555363cc225941a7af53b8fb9fb05989721
RF00162__2GIS_A__4KQY_A__a1__preprocess_4kqya	RF00162__2GIS_A__4KQY_A	RF00162	preprocess	NA	NA	NA	NA	NA	NA	NA	java -cp STAR3D.jar Preprocess 4kqya A	star3d-runtime:1	sha256:e1602e600f599264c7ca239202433dd009118214db05459744a7d3e59aa61b7e	c9da44059d9cfc40828e798ebd4f6194c55415e17aaae7d90ac0f849ec2ed946	NA	NA	NA	NA	NA	NA	NA	2026-10-09T05:35:14+00:00	6.68	0	runs/RF00162__2GIS_A__4KQY_A/attempt1/logs/preprocess_4kqya.stdout	runs/RF00162__2GIS_A__4KQY_A/attempt1/logs/preprocess_4kqya.stderr	runs/RF00162__2GIS_A__4KQY_A/attempt1/STAR3D_source/STAR3D_struct_info/4kqya_A.npk.ct	1b3d5820c6a6e42b0e727453630d3459c18622c1d92163441014d42ddff0c8a1	NA	NA	completed	NA	Rfam.seed.gz	15.1	41f014f4ab5628620935f089b1bb77987ebc162fda7c72bff368a32c9cccabac	ac6ff555363cc225941a7af53b8fb9fb05989721
RF00162__2GIS_A__4KQY_A__a1__forward__rep1	RF00162__2GIS_A__4KQY_A	RF00162	forward	1	RF00162__2GIS_A	RF00162__4KQY_A	2gisa	4kqya	A	A	java -jar STAR3D.jar -o out/RF00162__2GIS_A__4KQY_A__a1__forward__rep1.aln -p 2gisa A 4kqya A	star3d-runtime:1	sha256:e1602e600f599264c7ca239202433dd009118214db05459744a7d3e59aa61b7e	c9da44059d9cfc40828e798ebd4f6194c55415e17aaae7d90ac0f849ec2ed946	00f9b8fdae807d87532b27da48dba9cc626ebafe54be10806686aa6de8d85e8a	e56f935d835b208c3db4e36054d9944a97199be47f522476156836fbe00f5934	48c45a86ee36257a81c739700b4092cb5c3af94a49302bd2b8675c9a8508eee8	1b3d5820c6a6e42b0e727453630d3459c18622c1d92163441014d42ddff0c8a1	459445ed09b989a99b0876fa487019378f966beb3e34bce9cc6f585fd5de51b3	2a431bcf2096a2c32f360bb00dd92bfb3aa0c5867f98d3baa65e5d9a41b620a7	defaults (-r 4.0 -s 3 -g -5 -e -2 -m 3 -i 0 -t 1) + -p	2026-10-09T05:35:22+00:00	3.69	0	runs/RF00162__2GIS_A__4KQY_A/attempt1/logs/RF00162__2GIS_A__4KQY_A__a1__forward__rep1.stdout	runs/RF00162__2GIS_A__4KQY_A/attempt1/logs/RF00162__2GIS_A__4KQY_A__a1__forward__rep1.stderr	runs/RF00162__2GIS_A__4KQY_A/attempt1/STAR3D_source/out/RF00162__2GIS_A__4KQY_A__a1__forward__rep1.aln	540e177f4ce6dce046067105f97eadee50a0cec32cf6fce6ebf5f6ab1be5eb03	25	4.1	completed	NA	Rfam.seed.gz	15.1	41f014f4ab5628620935f089b1bb77987ebc162fda7c72bff368a32c9cccabac	ac6ff555363cc225941a7af53b8fb9fb05989721
RF00162__2GIS_A__4KQY_A__a1__forward__rep2	RF00162__2GIS_A__4KQY_A	RF00162	forward	2	RF00162__2GIS_A	RF00162__4KQY_A	2gisa	4kqya	A	A	java -jar STAR3D.jar -o out/RF00162__2GIS_A__4KQY_A__a1__forward__rep2.aln -p 2gisa A 4kqya A	star3d-runtime:1	sha256:e1602e600f599264c7ca239202433dd009118214db05459744a7d3e59aa61b7e	c9da44059d9cfc40828e798ebd4f6194c55415e17aaae7d90ac0f849ec2ed946	00f9b8fdae807d87532b27da48dba9cc626ebafe54be10806686aa6de8d85e8a	e56f935d835b208c3db4e36054d9944a97199be47f522476156836fbe00f5934	48c45a86ee36257a81c739700b4092cb5c3af94a49302bd2b8675c9a8508eee8	1b3d5820c6a6e42b0e727453630d3459c18622c1d92163441014d42ddff0c8a1	459445ed09b989a99b0876fa487019378f966beb3e34bce9cc6f585fd5de51b3	2a431bcf2096a2c32f360bb00dd92bfb3aa0c5867f98d3baa65e5d9a41b620a7	defaults (-r 4.0 -s 3 -g -5 -e -2 -m 3 -i 0 -t 1) + -p	2026-10-09T05:35:25+00:00	3.59	0	runs/RF00162__2GIS_A__4KQY_A/attempt1/logs/RF00162__2GIS_A__4KQY_A__a1__forward__rep2.stdout	runs/RF00162__2GIS_A__4KQY_A/attempt1/logs/RF00162__2GIS_A__4KQY_A__a1__forward__rep2.stderr	runs/RF00162__2GIS_A__4KQY_A/attempt1/STAR3D_source/out/RF00162__2GIS_A__4KQY_A__a1__forward__rep2.aln	d09a66e55d9b6f4a2b510a3c5dd4b235c5ffbdf36fb9c8d0696b51718d0f589e	25	4.1	completed	NA	Rfam.seed.gz	15.1	41f014f4ab5628620935f089b1bb77987ebc162fda7c72bff368a32c9cccabac	ac6ff555363cc225941a7af53b8fb9fb05989721
RF00162__2GIS_A__4KQY_A__a1__forward__rep3	RF00162__2GIS_A__4KQY_A	RF00162	forward	3	RF00162__2GIS_A	RF00162__4KQY_A	2gisa	4kqya	A	A	java -jar STAR3D.jar -o out/RF00162__2GIS_A__4KQY_A__a1__forward__rep3.aln -p 2gisa A 4kqya A	star3d-runtime:1	sha256:e1602e600f599264c7ca239202433dd009118214db05459744a7d3e59aa61b7e	c9da44059d9cfc40828e798ebd4f6194c55415e17aaae7d90ac0f849ec2ed946	00f9b8fdae807d87532b27da48dba9cc626ebafe54be10806686aa6de8d85e8a	e56f935d835b208c3db4e36054d9944a97199be47f522476156836fbe00f5934	48c45a86ee36257a81c739700b4092cb5c3af94a49302bd2b8675c9a8508eee8	1b3d5820c6a6e42b0e727453630d3459c18622c1d92163441014d42ddff0c8a1	459445ed09b989a99b0876fa487019378f966beb3e34bce9cc6f585fd5de51b3	2a431bcf2096a2c32f360bb00dd92bfb3aa0c5867f98d3baa65e5d9a41b620a7	defaults (-r 4.0 -s 3 -g -5 -e -2 -m 3 -i 0 -t 1) + -p	2026-10-09T05:35:29+00:00	3.86	0	runs/RF00162__2GIS_A__4KQY_A/attempt1/logs/RF00162__2GIS_A__4KQY_A__a1__forward__rep3.stdout	runs/RF00162__2GIS_A__4KQY_A/attempt1/logs/RF00162__2GIS_A__4KQY_A__a1__forward__rep3.stderr	runs/RF00162__2GIS_A__4KQY_A/attempt1/STAR3D_source/out/RF00162__2GIS_A__4KQY_A__a1__forward__rep3.aln	11ce1eac88fa0a2f89e42499d5d9f0b4c58f759bd2aaa39ffe4fd91105ae4c11	25	4.1	completed	NA	Rfam.seed.gz	15.1	41f014f4ab5628620935f089b1bb77987ebc162fda7c72bff368a32c9cccabac	ac6ff555363cc225941a7af53b8fb9fb05989721
RF00162__2GIS_A__4KQY_A__a1__reverse__rep1	RF00162__2GIS_A__4KQY_A	RF00162	reverse	1	RF00162__4KQY_A	RF00162__2GIS_A	4kqya	2gisa	A	A	java -jar STAR3D.jar -o out/RF00162__2GIS_A__4KQY_A__a1__reverse__rep1.aln -p 4kqya A 2gisa A	star3d-runtime:1	sha256:e1602e600f599264c7ca239202433dd009118214db05459744a7d3e59aa61b7e	c9da44059d9cfc40828e798ebd4f6194c55415e17aaae7d90ac0f849ec2ed946	e56f935d835b208c3db4e36054d9944a97199be47f522476156836fbe00f5934	00f9b8fdae807d87532b27da48dba9cc626ebafe54be10806686aa6de8d85e8a	1b3d5820c6a6e42b0e727453630d3459c18622c1d92163441014d42ddff0c8a1	48c45a86ee36257a81c739700b4092cb5c3af94a49302bd2b8675c9a8508eee8	2a431bcf2096a2c32f360bb00dd92bfb3aa0c5867f98d3baa65e5d9a41b620a7	459445ed09b989a99b0876fa487019378f966beb3e34bce9cc6f585fd5de51b3	defaults (-r 4.0 -s 3 -g -5 -e -2 -m 3 -i 0 -t 1) + -p	2026-10-09T05:35:33+00:00	3.89	0	runs/RF00162__2GIS_A__4KQY_A/attempt1/logs/RF00162__2GIS_A__4KQY_A__a1__reverse__rep1.stdout	runs/RF00162__2GIS_A__4KQY_A/attempt1/logs/RF00162__2GIS_A__4KQY_A__a1__reverse__rep1.stderr	runs/RF00162__2GIS_A__4KQY_A/attempt1/STAR3D_source/out/RF00162__2GIS_A__4KQY_A__a1__reverse__rep1.aln	9793e73ee98a2bb11ef3c64d119e5b9079f5dd30f412b85e9d80da1171daf464	25	4.1	completed	NA	Rfam.seed.gz	15.1	41f014f4ab5628620935f089b1bb77987ebc162fda7c72bff368a32c9cccabac	ac6ff555363cc225941a7af53b8fb9fb05989721
RF00162__2GIS_A__4KQY_A__a1__reverse__rep2	RF00162__2GIS_A__4KQY_A	RF00162	reverse	2	RF00162__4KQY_A	RF00162__2GIS_A	4kqya	2gisa	A	A	java -jar STAR3D.jar -o out/RF00162__2GIS_A__4KQY_A__a1__reverse__rep2.aln -p 4kqya A 2gisa A	star3d-runtime:1	sha256:e1602e600f599264c7ca239202433dd009118214db05459744a7d3e59aa61b7e	c9da44059d9cfc40828e798ebd4f6194c55415e17aaae7d90ac0f849ec2ed946	e56f935d835b208c3db4e36054d9944a97199be47f522476156836fbe00f5934	00f9b8fdae807d87532b27da48dba9cc626ebafe54be10806686aa6de8d85e8a	1b3d5820c6a6e42b0e727453630d3459c18622c1d92163441014d42ddff0c8a1	48c45a86ee36257a81c739700b4092cb5c3af94a49302bd2b8675c9a8508eee8	2a431bcf2096a2c32f360bb00dd92bfb3aa0c5867f98d3baa65e5d9a41b620a7	459445ed09b989a99b0876fa487019378f966beb3e34bce9cc6f585fd5de51b3	defaults (-r 4.0 -s 3 -g -5 -e -2 -m 3 -i 0 -t 1) + -p	2026-10-09T05:35:37+00:00	3.92	0	runs/RF00162__2GIS_A__4KQY_A/attempt1/logs/RF00162__2GIS_A__4KQY_A__a1__reverse__rep2.stdout	runs/RF00162__2GIS_A__4KQY_A/attempt1/logs/RF00162__2GIS_A__4KQY_A__a1__reverse__rep2.stderr	runs/RF00162__2GIS_A__4KQY_A/attempt1/STAR3D_source/out/RF00162__2GIS_A__4KQY_A__a1__reverse__rep2.aln	617150b95729d0c3cb89cd1d422867ecc1a906b79fd6d9198e9cdd6987bdad3f	25	4.1	completed	NA	Rfam.seed.gz	15.1	41f014f4ab5628620935f089b1bb77987ebc162fda7c72bff368a32c9cccabac	ac6ff555363cc225941a7af53b8fb9fb05989721
RF00162__2GIS_A__4KQY_A__a1__reverse__rep3	RF00162__2GIS_A__4KQY_A	RF00162	reverse	3	RF00162__4KQY_A	RF00162__2GIS_A	4kqya	2gisa	A	A	java -jar STAR3D.jar -o out/RF00162__2GIS_A__4KQY_A__a1__reverse__rep3.aln -p 4kqya A 2gisa A	star3d-runtime:1	sha256:e1602e600f599264c7ca239202433dd009118214db05459744a7d3e59aa61b7e	c9da44059d9cfc40828e798ebd4f6194c55415e17aaae7d90ac0f849ec2ed946	e56f935d835b208c3db4e36054d9944a97199be47f522476156836fbe00f5934	00f9b8fdae807d87532b27da48dba9cc626ebafe54be10806686aa6de8d85e8a	1b3d5820c6a6e42b0e727453630d3459c18622c1d92163441014d42ddff0c8a1	48c45a86ee36257a81c739700b4092cb5c3af94a49302bd2b8675c9a8508eee8	2a431bcf2096a2c32f360bb00dd92bfb3aa0c5867f98d3baa65e5d9a41b620a7	459445ed09b989a99b0876fa487019378f966beb3e34bce9cc6f585fd5de51b3	defaults (-r 4.0 -s 3 -g -5 -e -2 -m 3 -i 0 -t 1) + -p	2026-10-09T05:35:41+00:00	3.84	0	runs/RF00162__2GIS_A__4KQY_A/attempt1/logs/RF00162__2GIS_A__4KQY_A__a1__reverse__rep3.stdout	runs/RF00162__2GIS_A__4KQY_A/attempt1/logs/RF00162__2GIS_A__4KQY_A__a1__reverse__rep3.stderr	runs/RF00162__2GIS_A__4KQY_A/attempt1/STAR3D_source/out/RF00162__2GIS_A__4KQY_A__a1__reverse__rep3.aln	36b590391752045d81fa9ca96969645da351b9951ceb6f108b35475bba35ab9b	25	4.1	completed	NA	Rfam.seed.gz	15.1	41f014f4ab5628620935f089b1bb77987ebc162fda7c72bff368a32c9cccabac	ac6ff555363cc225941a7af53b8fb9fb05989721
RF00174__4GXY_A__6VMY_A__a1__preprocess_4gxya	RF00174__4GXY_A__6VMY_A	RF00174	preprocess	NA	NA	NA	NA	NA	NA	NA	java -cp STAR3D.jar Preprocess 4gxya A	star3d-runtime:1	sha256:e1602e600f599264c7ca239202433dd009118214db05459744a7d3e59aa61b7e	c9da44059d9cfc40828e798ebd4f6194c55415e17aaae7d90ac0f849ec2ed946	NA	NA	NA	NA	NA	NA	NA	2026-10-09T05:35:46+00:00	5.13	0	runs/RF00174__4GXY_A__6VMY_A/attempt1/logs/preprocess_4gxya.stdout	runs/RF00174__4GXY_A__6VMY_A/attempt1/logs/preprocess_4gxya.stderr	runs/RF00174__4GXY_A__6VMY_A/attempt1/STAR3D_source/STAR3D_struct_info/4gxya_A.npk.ct	b5f8a6e9b34b2a572325cf48b1c5b11b1ad1fc106af4792dedbebeea3bb6e320	NA	NA	completed	NA	Rfam.seed.gz	15.1	41f014f4ab5628620935f089b1bb77987ebc162fda7c72bff368a32c9cccabac	ac6ff555363cc225941a7af53b8fb9fb05989721
RF00174__4GXY_A__6VMY_A__a1__preprocess_6vmya	RF00174__4GXY_A__6VMY_A	RF00174	preprocess	NA	NA	NA	NA	NA	NA	NA	java -cp STAR3D.jar Preprocess 6vmya A	star3d-runtime:1	sha256:e1602e600f599264c7ca239202433dd009118214db05459744a7d3e59aa61b7e	c9da44059d9cfc40828e798ebd4f6194c55415e17aaae7d90ac0f849ec2ed946	NA	NA	NA	NA	NA	NA	NA	2026-10-09T05:35:52+00:00	7.04	0	runs/RF00174__4GXY_A__6VMY_A/attempt1/logs/preprocess_6vmya.stdout	runs/RF00174__4GXY_A__6VMY_A/attempt1/logs/preprocess_6vmya.stderr	runs/RF00174__4GXY_A__6VMY_A/attempt1/STAR3D_source/STAR3D_struct_info/6vmya_A.npk.ct	562a727f9b64fc5390dab99287aa05a00cdc0bf1ee3c19e9da2ba744327ce78f	NA	NA	completed	NA	Rfam.seed.gz	15.1	41f014f4ab5628620935f089b1bb77987ebc162fda7c72bff368a32c9cccabac	ac6ff555363cc225941a7af53b8fb9fb05989721
RF00174__4GXY_A__6VMY_A__a1__forward__rep1	RF00174__4GXY_A__6VMY_A	RF00174	forward	1	RF00174__4GXY_A	RF00174__6VMY_A	4gxya	6vmya	A	A	java -jar STAR3D.jar -o out/RF00174__4GXY_A__6VMY_A__a1__forward__rep1.aln -p 4gxya A 6vmya A	star3d-runtime:1	sha256:e1602e600f599264c7ca239202433dd009118214db05459744a7d3e59aa61b7e	c9da44059d9cfc40828e798ebd4f6194c55415e17aaae7d90ac0f849ec2ed946	bda3f47d055604f4ed486dd71feba74d71075756177849f89104d73433aea2dc	1affe2d9d3e6fd8b11718dbe1aed767e1d8ae438d16e4db38799afbfd15e6c6d	b5f8a6e9b34b2a572325cf48b1c5b11b1ad1fc106af4792dedbebeea3bb6e320	562a727f9b64fc5390dab99287aa05a00cdc0bf1ee3c19e9da2ba744327ce78f	c2a675585666b135e6670a1bc8240acf9e71e8af5964ae4e6195a863a7254647	3ca17682951bbf6fc4563309c9929d147e91787d1f6416555ad0c9a4382fa5ca	defaults (-r 4.0 -s 3 -g -5 -e -2 -m 3 -i 0 -t 1) + -p	2026-10-09T05:36:00+00:00	3.42	139	runs/RF00174__4GXY_A__6VMY_A/attempt1/logs/RF00174__4GXY_A__6VMY_A__a1__forward__rep1.stdout	runs/RF00174__4GXY_A__6VMY_A/attempt1/logs/RF00174__4GXY_A__6VMY_A__a1__forward__rep1.stderr	runs/RF00174__4GXY_A__6VMY_A/attempt1/STAR3D_source/out/RF00174__4GXY_A__6VMY_A__a1__forward__rep1.aln	28a87935347b549adc9317aa4a61f6f4e98746800add76ea022df03fecd21876	NA	NA	failed	nonzero exit	Rfam.seed.gz	15.1	41f014f4ab5628620935f089b1bb77987ebc162fda7c72bff368a32c9cccabac	ac6ff555363cc225941a7af53b8fb9fb05989721
RF00174__4GXY_A__6VMY_A__a1__forward__rep2	RF00174__4GXY_A__6VMY_A	RF00174	forward	2	RF00174__4GXY_A	RF00174__6VMY_A	4gxya	6vmya	A	A	java -jar STAR3D.jar -o out/RF00174__4GXY_A__6VMY_A__a1__forward__rep2.aln -p 4gxya A 6vmya A	star3d-runtime:1	sha256:e1602e600f599264c7ca239202433dd009118214db05459744a7d3e59aa61b7e	c9da44059d9cfc40828e798ebd4f6194c55415e17aaae7d90ac0f849ec2ed946	bda3f47d055604f4ed486dd71feba74d71075756177849f89104d73433aea2dc	1affe2d9d3e6fd8b11718dbe1aed767e1d8ae438d16e4db38799afbfd15e6c6d	b5f8a6e9b34b2a572325cf48b1c5b11b1ad1fc106af4792dedbebeea3bb6e320	562a727f9b64fc5390dab99287aa05a00cdc0bf1ee3c19e9da2ba744327ce78f	c2a675585666b135e6670a1bc8240acf9e71e8af5964ae4e6195a863a7254647	3ca17682951bbf6fc4563309c9929d147e91787d1f6416555ad0c9a4382fa5ca	defaults (-r 4.0 -s 3 -g -5 -e -2 -m 3 -i 0 -t 1) + -p	2026-10-09T05:36:04+00:00	3.96	0	runs/RF00174__4GXY_A__6VMY_A/attempt1/logs/RF00174__4GXY_A__6VMY_A__a1__forward__rep2.stdout	runs/RF00174__4GXY_A__6VMY_A/attempt1/logs/RF00174__4GXY_A__6VMY_A__a1__forward__rep2.stderr	runs/RF00174__4GXY_A__6VMY_A/attempt1/STAR3D_source/out/RF00174__4GXY_A__6VMY_A__a1__forward__rep2.aln	95a52f0699435119afcaa9061ff039d52cf6046c994840498b9266a3d588de4c	26	3.37	completed	NA	Rfam.seed.gz	15.1	41f014f4ab5628620935f089b1bb77987ebc162fda7c72bff368a32c9cccabac	ac6ff555363cc225941a7af53b8fb9fb05989721
RF00174__4GXY_A__6VMY_A__a1__forward__rep3	RF00174__4GXY_A__6VMY_A	RF00174	forward	3	RF00174__4GXY_A	RF00174__6VMY_A	4gxya	6vmya	A	A	java -jar STAR3D.jar -o out/RF00174__4GXY_A__6VMY_A__a1__forward__rep3.aln -p 4gxya A 6vmya A	star3d-runtime:1	sha256:e1602e600f599264c7ca239202433dd009118214db05459744a7d3e59aa61b7e	c9da44059d9cfc40828e798ebd4f6194c55415e17aaae7d90ac0f849ec2ed946	bda3f47d055604f4ed486dd71feba74d71075756177849f89104d73433aea2dc	1affe2d9d3e6fd8b11718dbe1aed767e1d8ae438d16e4db38799afbfd15e6c6d	b5f8a6e9b34b2a572325cf48b1c5b11b1ad1fc106af4792dedbebeea3bb6e320	562a727f9b64fc5390dab99287aa05a00cdc0bf1ee3c19e9da2ba744327ce78f	c2a675585666b135e6670a1bc8240acf9e71e8af5964ae4e6195a863a7254647	3ca17682951bbf6fc4563309c9929d147e91787d1f6416555ad0c9a4382fa5ca	defaults (-r 4.0 -s 3 -g -5 -e -2 -m 3 -i 0 -t 1) + -p	2026-10-09T05:36:08+00:00	4.14	0	runs/RF00174__4GXY_A__6VMY_A/attempt1/logs/RF00174__4GXY_A__6VMY_A__a1__forward__rep3.stdout	runs/RF00174__4GXY_A__6VMY_A/attempt1/logs/RF00174__4GXY_A__6VMY_A__a1__forward__rep3.stderr	runs/RF00174__4GXY_A__6VMY_A/attempt1/STAR3D_source/out/RF00174__4GXY_A__6VMY_A__a1__forward__rep3.aln	4c38dc2fe566968cc0969d603ae676edaab874c6b7bce1ef1671f910c5bd3e43	26	3.37	completed	NA	Rfam.seed.gz	15.1	41f014f4ab5628620935f089b1bb77987ebc162fda7c72bff368a32c9cccabac	ac6ff555363cc225941a7af53b8fb9fb05989721
RF00174__4GXY_A__6VMY_A__a1__reverse__rep1	RF00174__4GXY_A__6VMY_A	RF00174	reverse	1	RF00174__6VMY_A	RF00174__4GXY_A	6vmya	4gxya	A	A	java -jar STAR3D.jar -o out/RF00174__4GXY_A__6VMY_A__a1__reverse__rep1.aln -p 6vmya A 4gxya A	star3d-runtime:1	sha256:e1602e600f599264c7ca239202433dd009118214db05459744a7d3e59aa61b7e	c9da44059d9cfc40828e798ebd4f6194c55415e17aaae7d90ac0f849ec2ed946	1affe2d9d3e6fd8b11718dbe1aed767e1d8ae438d16e4db38799afbfd15e6c6d	bda3f47d055604f4ed486dd71feba74d71075756177849f89104d73433aea2dc	562a727f9b64fc5390dab99287aa05a00cdc0bf1ee3c19e9da2ba744327ce78f	b5f8a6e9b34b2a572325cf48b1c5b11b1ad1fc106af4792dedbebeea3bb6e320	3ca17682951bbf6fc4563309c9929d147e91787d1f6416555ad0c9a4382fa5ca	c2a675585666b135e6670a1bc8240acf9e71e8af5964ae4e6195a863a7254647	defaults (-r 4.0 -s 3 -g -5 -e -2 -m 3 -i 0 -t 1) + -p	2026-10-09T05:36:12+00:00	4.37	0	runs/RF00174__4GXY_A__6VMY_A/attempt1/logs/RF00174__4GXY_A__6VMY_A__a1__reverse__rep1.stdout	runs/RF00174__4GXY_A__6VMY_A/attempt1/logs/RF00174__4GXY_A__6VMY_A__a1__reverse__rep1.stderr	runs/RF00174__4GXY_A__6VMY_A/attempt1/STAR3D_source/out/RF00174__4GXY_A__6VMY_A__a1__reverse__rep1.aln	b5185b0f16eb5e610d55eb87b7e6dc0d24f264d689fbf4072b8b055967194d79	26	3.37	completed	NA	Rfam.seed.gz	15.1	41f014f4ab5628620935f089b1bb77987ebc162fda7c72bff368a32c9cccabac	ac6ff555363cc225941a7af53b8fb9fb05989721
RF00174__4GXY_A__6VMY_A__a1__reverse__rep2	RF00174__4GXY_A__6VMY_A	RF00174	reverse	2	RF00174__6VMY_A	RF00174__4GXY_A	6vmya	4gxya	A	A	java -jar STAR3D.jar -o out/RF00174__4GXY_A__6VMY_A__a1__reverse__rep2.aln -p 6vmya A 4gxya A	star3d-runtime:1	sha256:e1602e600f599264c7ca239202433dd009118214db05459744a7d3e59aa61b7e	c9da44059d9cfc40828e798ebd4f6194c55415e17aaae7d90ac0f849ec2ed946	1affe2d9d3e6fd8b11718dbe1aed767e1d8ae438d16e4db38799afbfd15e6c6d	bda3f47d055604f4ed486dd71feba74d71075756177849f89104d73433aea2dc	562a727f9b64fc5390dab99287aa05a00cdc0bf1ee3c19e9da2ba744327ce78f	b5f8a6e9b34b2a572325cf48b1c5b11b1ad1fc106af4792dedbebeea3bb6e320	3ca17682951bbf6fc4563309c9929d147e91787d1f6416555ad0c9a4382fa5ca	c2a675585666b135e6670a1bc8240acf9e71e8af5964ae4e6195a863a7254647	defaults (-r 4.0 -s 3 -g -5 -e -2 -m 3 -i 0 -t 1) + -p	2026-10-09T05:36:16+00:00	3.62	0	runs/RF00174__4GXY_A__6VMY_A/attempt1/logs/RF00174__4GXY_A__6VMY_A__a1__reverse__rep2.stdout	runs/RF00174__4GXY_A__6VMY_A/attempt1/logs/RF00174__4GXY_A__6VMY_A__a1__reverse__rep2.stderr	runs/RF00174__4GXY_A__6VMY_A/attempt1/STAR3D_source/out/RF00174__4GXY_A__6VMY_A__a1__reverse__rep2.aln	b593aa16039333284780ff9517f1c9c457b97b50368c101833431559ebe745b1	26	3.37	completed	NA	Rfam.seed.gz	15.1	41f014f4ab5628620935f089b1bb77987ebc162fda7c72bff368a32c9cccabac	ac6ff555363cc225941a7af53b8fb9fb05989721
RF00174__4GXY_A__6VMY_A__a1__reverse__rep3	RF00174__4GXY_A__6VMY_A	RF00174	reverse	3	RF00174__6VMY_A	RF00174__4GXY_A	6vmya	4gxya	A	A	java -jar STAR3D.jar -o out/RF00174__4GXY_A__6VMY_A__a1__reverse__rep3.aln -p 6vmya A 4gxya A	star3d-runtime:1	sha256:e1602e600f599264c7ca239202433dd009118214db05459744a7d3e59aa61b7e	c9da44059d9cfc40828e798ebd4f6194c55415e17aaae7d90ac0f849ec2ed946	1affe2d9d3e6fd8b11718dbe1aed767e1d8ae438d16e4db38799afbfd15e6c6d	bda3f47d055604f4ed486dd71feba74d71075756177849f89104d73433aea2dc	562a727f9b64fc5390dab99287aa05a00cdc0bf1ee3c19e9da2ba744327ce78f	b5f8a6e9b34b2a572325cf48b1c5b11b1ad1fc106af4792dedbebeea3bb6e320	3ca17682951bbf6fc4563309c9929d147e91787d1f6416555ad0c9a4382fa5ca	c2a675585666b135e6670a1bc8240acf9e71e8af5964ae4e6195a863a7254647	defaults (-r 4.0 -s 3 -g -5 -e -2 -m 3 -i 0 -t 1) + -p	2026-10-09T05:36:20+00:00	4.09	0	runs/RF00174__4GXY_A__6VMY_A/attempt1/logs/RF00174__4GXY_A__6VMY_A__a1__reverse__rep3.stdout	runs/RF00174__4GXY_A__6VMY_A/attempt1/logs/RF00174__4GXY_A__6VMY_A__a1__reverse__rep3.stderr	runs/RF00174__4GXY_A__6VMY_A/attempt1/STAR3D_source/out/RF00174__4GXY_A__6VMY_A__a1__reverse__rep3.aln	23d135e9859816120c1c4d379f821563eaa147b74917e80c0352f0c1291981ff	26	3.37	completed	NA	Rfam.seed.gz	15.1	41f014f4ab5628620935f089b1bb77987ebc162fda7c72bff368a32c9cccabac	ac6ff555363cc225941a7af53b8fb9fb05989721
RF00442__5U3G_B__7MLW_F__a1__preprocess_5u3gb	RF00442__5U3G_B__7MLW_F	RF00442	preprocess	NA	NA	NA	NA	NA	NA	NA	java -cp STAR3D.jar Preprocess 5u3gb B	star3d-runtime:1	sha256:e1602e600f599264c7ca239202433dd009118214db05459744a7d3e59aa61b7e	c9da44059d9cfc40828e798ebd4f6194c55415e17aaae7d90ac0f849ec2ed946	NA	NA	NA	NA	NA	NA	NA	2026-10-09T05:36:25+00:00	3.75	0	runs/RF00442__5U3G_B__7MLW_F/attempt1/logs/preprocess_5u3gb.stdout	runs/RF00442__5U3G_B__7MLW_F/attempt1/logs/preprocess_5u3gb.stderr	runs/RF00442__5U3G_B__7MLW_F/attempt1/STAR3D_source/STAR3D_struct_info/5u3gb_B.npk.ct	4191154f11fd5dbee4d85d77b52e38b96f7c7302baf4c9d382d117d6e4d4d779	NA	NA	completed	NA	Rfam.seed.gz	15.1	41f014f4ab5628620935f089b1bb77987ebc162fda7c72bff368a32c9cccabac	ac6ff555363cc225941a7af53b8fb9fb05989721
RF00442__5U3G_B__7MLW_F__a1__preprocess_7mlwf	RF00442__5U3G_B__7MLW_F	RF00442	preprocess	NA	NA	NA	NA	NA	NA	NA	java -cp STAR3D.jar Preprocess 7mlwf F	star3d-runtime:1	sha256:e1602e600f599264c7ca239202433dd009118214db05459744a7d3e59aa61b7e	c9da44059d9cfc40828e798ebd4f6194c55415e17aaae7d90ac0f849ec2ed946	NA	NA	NA	NA	NA	NA	NA	2026-10-09T05:36:30+00:00	8.14	0	runs/RF00442__5U3G_B__7MLW_F/attempt1/logs/preprocess_7mlwf.stdout	runs/RF00442__5U3G_B__7MLW_F/attempt1/logs/preprocess_7mlwf.stderr	runs/RF00442__5U3G_B__7MLW_F/attempt1/STAR3D_source/STAR3D_struct_info/7mlwf_F.npk.ct	9bbeed5ced31eaebd66669334a03d11f8d9d9830e0199b1db4841d6757220c98	NA	NA	completed	WARNING raw .ct non-reciprocal partners at [44]	Rfam.seed.gz	15.1	41f014f4ab5628620935f089b1bb77987ebc162fda7c72bff368a32c9cccabac	ac6ff555363cc225941a7af53b8fb9fb05989721
RF00442__5U3G_B__7MLW_F__a1__forward__rep1	RF00442__5U3G_B__7MLW_F	RF00442	forward	1	RF00442__5U3G_B	RF00442__7MLW_F	5u3gb	7mlwf	B	F	java -jar STAR3D.jar -o out/RF00442__5U3G_B__7MLW_F__a1__forward__rep1.aln -p 5u3gb B 7mlwf F	star3d-runtime:1	sha256:e1602e600f599264c7ca239202433dd009118214db05459744a7d3e59aa61b7e	c9da44059d9cfc40828e798ebd4f6194c55415e17aaae7d90ac0f849ec2ed946	d6852025a1f783b9cbb8889a60e29939dc5fbe62a600ba31500c50d13bc8298d	c8ff0fea2c1cd8d4f2ecbe18fe7b05341cfb2e209a767f1ab61d25f4152706c3	4191154f11fd5dbee4d85d77b52e38b96f7c7302baf4c9d382d117d6e4d4d779	9bbeed5ced31eaebd66669334a03d11f8d9d9830e0199b1db4841d6757220c98	52c460638cc1a273cfe3df89884216382ae772608f2a534e4481321c041335a5	f19fcbe73094c37c56986cd047f96f5881307baba298778a074e251730f3d2e3	defaults (-r 4.0 -s 3 -g -5 -e -2 -m 3 -i 0 -t 1) + -p	2026-10-09T05:36:39+00:00	3.81	0	runs/RF00442__5U3G_B__7MLW_F/attempt1/logs/RF00442__5U3G_B__7MLW_F__a1__forward__rep1.stdout	runs/RF00442__5U3G_B__7MLW_F/attempt1/logs/RF00442__5U3G_B__7MLW_F__a1__forward__rep1.stderr	runs/RF00442__5U3G_B__7MLW_F/attempt1/STAR3D_source/out/RF00442__5U3G_B__7MLW_F__a1__forward__rep1.aln	2a107bc101d1e6e651554ee237969d0fd3c1cec2683eaef4dc8cc13fb6334e6c	78	2.44	completed	NA	Rfam.seed.gz	15.1	41f014f4ab5628620935f089b1bb77987ebc162fda7c72bff368a32c9cccabac	ac6ff555363cc225941a7af53b8fb9fb05989721
RF00442__5U3G_B__7MLW_F__a1__forward__rep2	RF00442__5U3G_B__7MLW_F	RF00442	forward	2	RF00442__5U3G_B	RF00442__7MLW_F	5u3gb	7mlwf	B	F	java -jar STAR3D.jar -o out/RF00442__5U3G_B__7MLW_F__a1__forward__rep2.aln -p 5u3gb B 7mlwf F	star3d-runtime:1	sha256:e1602e600f599264c7ca239202433dd009118214db05459744a7d3e59aa61b7e	c9da44059d9cfc40828e798ebd4f6194c55415e17aaae7d90ac0f849ec2ed946	d6852025a1f783b9cbb8889a60e29939dc5fbe62a600ba31500c50d13bc8298d	c8ff0fea2c1cd8d4f2ecbe18fe7b05341cfb2e209a767f1ab61d25f4152706c3	4191154f11fd5dbee4d85d77b52e38b96f7c7302baf4c9d382d117d6e4d4d779	9bbeed5ced31eaebd66669334a03d11f8d9d9830e0199b1db4841d6757220c98	52c460638cc1a273cfe3df89884216382ae772608f2a534e4481321c041335a5	f19fcbe73094c37c56986cd047f96f5881307baba298778a074e251730f3d2e3	defaults (-r 4.0 -s 3 -g -5 -e -2 -m 3 -i 0 -t 1) + -p	2026-10-09T05:36:43+00:00	3.75	0	runs/RF00442__5U3G_B__7MLW_F/attempt1/logs/RF00442__5U3G_B__7MLW_F__a1__forward__rep2.stdout	runs/RF00442__5U3G_B__7MLW_F/attempt1/logs/RF00442__5U3G_B__7MLW_F__a1__forward__rep2.stderr	runs/RF00442__5U3G_B__7MLW_F/attempt1/STAR3D_source/out/RF00442__5U3G_B__7MLW_F__a1__forward__rep2.aln	30e91405a059c078e1930842ac945c0493fa7157874baa88ca64f337d8ce5125	78	2.44	completed	NA	Rfam.seed.gz	15.1	41f014f4ab5628620935f089b1bb77987ebc162fda7c72bff368a32c9cccabac	ac6ff555363cc225941a7af53b8fb9fb05989721
RF00442__5U3G_B__7MLW_F__a1__forward__rep3	RF00442__5U3G_B__7MLW_F	RF00442	forward	3	RF00442__5U3G_B	RF00442__7MLW_F	5u3gb	7mlwf	B	F	java -jar STAR3D.jar -o out/RF00442__5U3G_B__7MLW_F__a1__forward__rep3.aln -p 5u3gb B 7mlwf F	star3d-runtime:1	sha256:e1602e600f599264c7ca239202433dd009118214db05459744a7d3e59aa61b7e	c9da44059d9cfc40828e798ebd4f6194c55415e17aaae7d90ac0f849ec2ed946	d6852025a1f783b9cbb8889a60e29939dc5fbe62a600ba31500c50d13bc8298d	c8ff0fea2c1cd8d4f2ecbe18fe7b05341cfb2e209a767f1ab61d25f4152706c3	4191154f11fd5dbee4d85d77b52e38b96f7c7302baf4c9d382d117d6e4d4d779	9bbeed5ced31eaebd66669334a03d11f8d9d9830e0199b1db4841d6757220c98	52c460638cc1a273cfe3df89884216382ae772608f2a534e4481321c041335a5	f19fcbe73094c37c56986cd047f96f5881307baba298778a074e251730f3d2e3	defaults (-r 4.0 -s 3 -g -5 -e -2 -m 3 -i 0 -t 1) + -p	2026-10-09T05:36:47+00:00	3.64	0	runs/RF00442__5U3G_B__7MLW_F/attempt1/logs/RF00442__5U3G_B__7MLW_F__a1__forward__rep3.stdout	runs/RF00442__5U3G_B__7MLW_F/attempt1/logs/RF00442__5U3G_B__7MLW_F__a1__forward__rep3.stderr	runs/RF00442__5U3G_B__7MLW_F/attempt1/STAR3D_source/out/RF00442__5U3G_B__7MLW_F__a1__forward__rep3.aln	361f6ce86f95d1f04f3b07330590f4849db0b4ea1e6b4f13f6dced251bd584f6	78	2.44	completed	NA	Rfam.seed.gz	15.1	41f014f4ab5628620935f089b1bb77987ebc162fda7c72bff368a32c9cccabac	ac6ff555363cc225941a7af53b8fb9fb05989721
RF00442__5U3G_B__7MLW_F__a1__reverse__rep1	RF00442__5U3G_B__7MLW_F	RF00442	reverse	1	RF00442__7MLW_F	RF00442__5U3G_B	7mlwf	5u3gb	F	B	java -jar STAR3D.jar -o out/RF00442__5U3G_B__7MLW_F__a1__reverse__rep1.aln -p 7mlwf F 5u3gb B	star3d-runtime:1	sha256:e1602e600f599264c7ca239202433dd009118214db05459744a7d3e59aa61b7e	c9da44059d9cfc40828e798ebd4f6194c55415e17aaae7d90ac0f849ec2ed946	c8ff0fea2c1cd8d4f2ecbe18fe7b05341cfb2e209a767f1ab61d25f4152706c3	d6852025a1f783b9cbb8889a60e29939dc5fbe62a600ba31500c50d13bc8298d	9bbeed5ced31eaebd66669334a03d11f8d9d9830e0199b1db4841d6757220c98	4191154f11fd5dbee4d85d77b52e38b96f7c7302baf4c9d382d117d6e4d4d779	f19fcbe73094c37c56986cd047f96f5881307baba298778a074e251730f3d2e3	52c460638cc1a273cfe3df89884216382ae772608f2a534e4481321c041335a5	defaults (-r 4.0 -s 3 -g -5 -e -2 -m 3 -i 0 -t 1) + -p	2026-10-09T05:36:50+00:00	3.92	0	runs/RF00442__5U3G_B__7MLW_F/attempt1/logs/RF00442__5U3G_B__7MLW_F__a1__reverse__rep1.stdout	runs/RF00442__5U3G_B__7MLW_F/attempt1/logs/RF00442__5U3G_B__7MLW_F__a1__reverse__rep1.stderr	runs/RF00442__5U3G_B__7MLW_F/attempt1/STAR3D_source/out/RF00442__5U3G_B__7MLW_F__a1__reverse__rep1.aln	b83cba705511db2540ec637003ff2b4020f51206083f47734e0ad73c8d82a034	78	2.44	completed	NA	Rfam.seed.gz	15.1	41f014f4ab5628620935f089b1bb77987ebc162fda7c72bff368a32c9cccabac	ac6ff555363cc225941a7af53b8fb9fb05989721
RF00442__5U3G_B__7MLW_F__a1__reverse__rep2	RF00442__5U3G_B__7MLW_F	RF00442	reverse	2	RF00442__7MLW_F	RF00442__5U3G_B	7mlwf	5u3gb	F	B	java -jar STAR3D.jar -o out/RF00442__5U3G_B__7MLW_F__a1__reverse__rep2.aln -p 7mlwf F 5u3gb B	star3d-runtime:1	sha256:e1602e600f599264c7ca239202433dd009118214db05459744a7d3e59aa61b7e	c9da44059d9cfc40828e798ebd4f6194c55415e17aaae7d90ac0f849ec2ed946	c8ff0fea2c1cd8d4f2ecbe18fe7b05341cfb2e209a767f1ab61d25f4152706c3	d6852025a1f783b9cbb8889a60e29939dc5fbe62a600ba31500c50d13bc8298d	9bbeed5ced31eaebd66669334a03d11f8d9d9830e0199b1db4841d6757220c98	4191154f11fd5dbee4d85d77b52e38b96f7c7302baf4c9d382d117d6e4d4d779	f19fcbe73094c37c56986cd047f96f5881307baba298778a074e251730f3d2e3	52c460638cc1a273cfe3df89884216382ae772608f2a534e4481321c041335a5	defaults (-r 4.0 -s 3 -g -5 -e -2 -m 3 -i 0 -t 1) + -p	2026-10-09T05:36:54+00:00	3.48	0	runs/RF00442__5U3G_B__7MLW_F/attempt1/logs/RF00442__5U3G_B__7MLW_F__a1__reverse__rep2.stdout	runs/RF00442__5U3G_B__7MLW_F/attempt1/logs/RF00442__5U3G_B__7MLW_F__a1__reverse__rep2.stderr	runs/RF00442__5U3G_B__7MLW_F/attempt1/STAR3D_source/out/RF00442__5U3G_B__7MLW_F__a1__reverse__rep2.aln	0d98d8ea3110f48974b6ad3aed8368e85123704144843a16e07516c1cc9ee72d	78	2.44	completed	NA	Rfam.seed.gz	15.1	41f014f4ab5628620935f089b1bb77987ebc162fda7c72bff368a32c9cccabac	ac6ff555363cc225941a7af53b8fb9fb05989721
RF00442__5U3G_B__7MLW_F__a1__reverse__rep3	RF00442__5U3G_B__7MLW_F	RF00442	reverse	3	RF00442__7MLW_F	RF00442__5U3G_B	7mlwf	5u3gb	F	B	java -jar STAR3D.jar -o out/RF00442__5U3G_B__7MLW_F__a1__reverse__rep3.aln -p 7mlwf F 5u3gb B	star3d-runtime:1	sha256:e1602e600f599264c7ca239202433dd009118214db05459744a7d3e59aa61b7e	c9da44059d9cfc40828e798ebd4f6194c55415e17aaae7d90ac0f849ec2ed946	c8ff0fea2c1cd8d4f2ecbe18fe7b05341cfb2e209a767f1ab61d25f4152706c3	d6852025a1f783b9cbb8889a60e29939dc5fbe62a600ba31500c50d13bc8298d	9bbeed5ced31eaebd66669334a03d11f8d9d9830e0199b1db4841d6757220c98	4191154f11fd5dbee4d85d77b52e38b96f7c7302baf4c9d382d117d6e4d4d779	f19fcbe73094c37c56986cd047f96f5881307baba298778a074e251730f3d2e3	52c460638cc1a273cfe3df89884216382ae772608f2a534e4481321c041335a5	defaults (-r 4.0 -s 3 -g -5 -e -2 -m 3 -i 0 -t 1) + -p	2026-10-09T05:36:58+00:00	4.27	0	runs/RF00442__5U3G_B__7MLW_F/attempt1/logs/RF00442__5U3G_B__7MLW_F__a1__reverse__rep3.stdout	runs/RF00442__5U3G_B__7MLW_F/attempt1/logs/RF00442__5U3G_B__7MLW_F__a1__reverse__rep3.stderr	runs/RF00442__5U3G_B__7MLW_F/attempt1/STAR3D_source/out/RF00442__5U3G_B__7MLW_F__a1__reverse__rep3.aln	d1017d1a9723d6b4e08081796e04826fdf955f877f9320571198ebfb4af5e9bf	78	2.44	completed	NA	Rfam.seed.gz	15.1	41f014f4ab5628620935f089b1bb77987ebc162fda7c72bff368a32c9cccabac	ac6ff555363cc225941a7af53b8fb9fb05989721
