pdb	previous_provenance	installed_commit	regenerated_basepair_sha256	regenerated_stacking_sha256	retained_byte_identical
2GDI	reconstructed_v2.1: annotations/_cif CIF verified byte-identical to pinned mmCIF; FR3D commit taken from the single environment record (venv pinned)	288f98ccfd72dc6d88036c124605c05ce623b1b7	43e9c58ee33f321be0ca105929f55cffbf7170ef29afdaa905758b587960d16d	a866c0563c36accc33bbe2a7d694f4b4f7a6bd4bab2df44b460b85d357b99a21	yes
2GIS	reconstructed_v2.1: annotations/_cif CIF verified byte-identical to pinned mmCIF; FR3D commit taken from the single environment record (venv pinned)	288f98ccfd72dc6d88036c124605c05ce623b1b7	d78625aca8d4a10f782405b2752e747861741eb5ef365c7980889d9d79b188a9	c6aaa4a9cbe27791f47ea218f28f01b3b06e2b597d2ff041c19f58f2f7d5a63b	yes
3D2G	reconstructed_v2.1: annotations/_cif CIF verified byte-identical to pinned mmCIF; FR3D commit taken from the single environment record (venv pinned)	288f98ccfd72dc6d88036c124605c05ce623b1b7	15d9cb51e958c2cea8c3ee1cc5870e7bba8d9c5df2011295debfa57237f47af8	227a788f3ba41fd60b01c37a25b9fe10b62a5612fe10fbf485b94a23139d9c8b	yes
3FU2	reconstructed_v2.1: annotations/_cif CIF verified byte-identical to pinned mmCIF; FR3D commit taken from the single environment record (venv pinned)	288f98ccfd72dc6d88036c124605c05ce623b1b7	f2e5e92db19a675eaa8dc65d94568fade5ed142ecd9cf97b689b93475affd1cb	3572556a307e538a3797c1d5d7d3da96778c77992480a87716838aedc1ed2f97	yes
4GXY	reconstructed_v2.1: annotations/_cif CIF verified byte-identical to pinned mmCIF; FR3D commit taken from the single environment record (venv pinned)	288f98ccfd72dc6d88036c124605c05ce623b1b7	9518d3c592be332c77dea12b3ca1c54d5cf5eef61e4c9180b302262ca4fb155c	c4932ba3a758ce375f483714e39b5102e0c50d6b30fb5fb65135e3cd42ddf818	yes
4KQY	reconstructed_v2.1: annotations/_cif CIF verified byte-identical to pinned mmCIF; FR3D commit taken from the single environment record (venv pinned)	288f98ccfd72dc6d88036c124605c05ce623b1b7	f1e300735f90c010fe1440a48ba4cb1c28828ac2a4d6adde59bb7d6b71f021a1	12a25c1573c8979b6faf5523346a1cd36981f4f11e4aedb271fb457dd4eeb038	yes
5U3G	reconstructed_v2.1: annotations/_cif CIF verified byte-identical to pinned mmCIF; FR3D commit taken from the single environment record (venv pinned)	288f98ccfd72dc6d88036c124605c05ce623b1b7	26ef8020e63bb4e57a169a47066a6f7d9171970ded5ecd826e47f97ca9fce6ea	918a5b3e3c307095e524304704e332b9e49052c476b460bbe25dc8a318af9712	yes
6VMY	reconstructed_v2.1: annotations/_cif CIF verified byte-identical to pinned mmCIF; FR3D commit taken from the single environment record (venv pinned)	288f98ccfd72dc6d88036c124605c05ce623b1b7	11b9d29120eaff1e7617fb568028f9e04601ec2c32c456b0d25ea100b0ce703f	717640b84b0449d1118ac83f7e7b6c19a0ca77406c50d89ed9dc4b05c1a50a17	yes
6VUI	reconstructed_v2.1: annotations/_cif CIF verified byte-identical to pinned mmCIF; FR3D commit taken from the single environment record (venv pinned)	288f98ccfd72dc6d88036c124605c05ce623b1b7	bf168071a7ecb33b45a47bb4f16e83451a58d31f3c0f37b48c99b5e00402f25d	6b6baba75e72ff4f0862632eddd8eccb69d851b056c4fdabf10647c5ef8766b9	yes
7MLW	reconstructed_v2.1: annotations/_cif CIF verified byte-identical to pinned mmCIF; FR3D commit taken from the single environment record (venv pinned)	288f98ccfd72dc6d88036c124605c05ce623b1b7	d78d65944f336a31df94ac4c28598fdf9dfbdf6c7f1a6fda0d484405f3a7ef84	07ff8f369878719246da183ea0e0d062472374b16a027fb473e3ceab02cf356b	yes
7REX	reconstructed_v2.1: annotations/_cif CIF verified byte-identical to pinned mmCIF; FR3D commit taken from the single environment record (venv pinned)	288f98ccfd72dc6d88036c124605c05ce623b1b7	9eb9a18f54c51b5f1f98cd96d79f7e2c0d6d5c247f80d27bbf05aa8d1d6d7c90	fb544a7f9e402e48177e7496686dfe363be999c6bd36ffc758b4af49ff398053	yes
