# shared-correspondence anchor fit; rule=shared flank=2; 59 anchors [(1, 2), (2, 3), (3, 4), (4, 5), (5, 6), (6, 7), (7, 8), (8, 9), (9, 10), (10, 11), (11, 12), (12, 13), (13, 14), (14, 15), (15, 16), (16, 17), (24, 45), (26, 47), (27, 48), (28, 49), (29, 50), (30, 51), (31, 52), (32, 53), (33, 54), (34, 55), (35, 56), (36, 57), (38, 59), (39, 60), (40, 61), (56, 100), (57, 101), (58, 102), (59, 103), (60, 104), (61, 105), (62, 106), (63, 107), (64, 108), (65, 109), (66, 110), (67, 111), (68, 112), (69, 113), (71, 115), (72, 116), (73, 117), (74, 118), (75, 119), (76, 120), (77, 121), (78, 122), (79, 123), (80, 124), (81, 125), (82, 126), (83, 127), (84, 128)]; fit RMSD 1.32 A; source singular values [99.43, 77.86, 44.02]; target singular values [101.19, 78.65, 42.17]
pair_id	source_row_index	source_nt	category	rfam_partner	star3d_partner	rfam_C1p_dist	star3d_C1p_dist	rfam_base_centroid_dist	star3d_base_centroid_dist
RF00442__5U3G_B__7MLW_F	41	G	different_partner	63	62	4.29	1.41	3.46	1.74
RF00442__5U3G_B__7MLW_F	42	A	different_partner	64	63	7.44	3.65	4.44	3.1
RF00442__5U3G_B__7MLW_F	43	C	different_partner	65	64	8.31	2.45	6.09	1.64
RF00442__5U3G_B__7MLW_F	44	C	different_partner	66	65	4.89	3.28	6.04	3.27
RF00442__5U3G_B__7MLW_F	45	G	different_partner	67	66	3.59	4.15	4.09	4.14
RF00442__5U3G_B__7MLW_F	46	C	different_partner	68	67	2.87	6.09	3.97	5.17
RF00442__5U3G_B__7MLW_F	47	C	different_partner	69	68	4.98	7.35	4.77	6.43
RF00442__5U3G_B__7MLW_F	48	G	different_partner	90	69	24.88	7.46	23.31	5.91
RF00442__5U3G_B__7MLW_F	49	A	rfam_only	91	NA	25.24	NA	26.6	NA
RF00442__5U3G_B__7MLW_F	50	A	rfam_only	92	NA	25.12	NA	24.37	NA
RF00442__5U3G_B__7MLW_F	51	A	different_partner	93	96	24.75	9.97	22.95	11.95
RF00442__5U3G_B__7MLW_F	52	G	different_partner	96	97	9.44	6.11	7.99	5.68
RF00442__5U3G_B__7MLW_F	53	G	different_partner	97	98	7.51	5.0	5.89	4.5
RF00442__5U3G_B__7MLW_F	54	C	different_partner	98	99	5.22	4.7	4.92	4.89
RF00442__5U3G_B__7MLW_F	55	G	rfam_only	99	NA	3.62	NA	3.24	NA
