# shared-correspondence anchor fit; rule=shared_flank_excl flank=2; 12 anchors [(1, 1), (2, 2), (3, 3), (4, 4), (26, 27), (27, 28), (28, 29), (29, 30), (30, 31), (31, 32), (32, 33), (33, 34)]; fit RMSD 1.89 A; source singular values [34.28, 27.78, 10.1]; target singular values [34.44, 26.28, 11.46]
pair_id	source_row_index	source_nt	category	rfam_partner	star3d_partner	rfam_C1p_dist	star3d_C1p_dist	rfam_base_centroid_dist	star3d_base_centroid_dist
RF00522__6VUI_A__7REX_A	7	C	different_partner	8	7	5.48	2.32	4.5	3.41
RF00522__6VUI_A__7REX_A	8	G	different_partner	9	10	4.0	10.72	4.0	12.4
RF00522__6VUI_A__7REX_A	9	C	different_partner	10	11	4.62	4.52	4.59	3.52
RF00522__6VUI_A__7REX_A	10	A	different_partner	11	12	3.44	4.09	3.56	3.69
RF00522__6VUI_A__7REX_A	11	G	different_partner	12	13	3.95	8.77	3.51	11.78
RF00522__6VUI_A__7REX_A	12	U	different_partner	13	14	4.14	2.55	3.34	5.52
RF00522__6VUI_A__7REX_A	13	A	star3d_only	NA	15	NA	2.35	NA	7.97
RF00522__6VUI_A__7REX_A	14	A	different_partner	15	16	5.86	1.6	4.27	2.14
RF00522__6VUI_A__7REX_A	15	C	different_partner	16	17	6.09	0.83	3.95	0.94
RF00522__6VUI_A__7REX_A	16	C	different_partner	17	18	6.74	0.55	5.34	0.51
RF00522__6VUI_A__7REX_A	17	C	different_partner	18	19	6.12	0.72	4.56	0.52
RF00522__6VUI_A__7REX_A	18	C	different_partner	19	20	6.17	1.03	4.57	1.1
RF00522__6VUI_A__7REX_A	19	A	different_partner	20	21	5.8	0.94	4.14	1.32
RF00522__6VUI_A__7REX_A	20	G	different_partner	21	22	6.86	1.83	5.42	1.83
RF00522__6VUI_A__7REX_A	21	U	different_partner	22	23	7.11	2.33	7.45	2.01
RF00522__6VUI_A__7REX_A	22	U	different_partner	23	24	6.35	6.29	10.8	10.69
RF00522__6VUI_A__7REX_A	23	A	rfam_only	24	NA	4.39	NA	2.86	NA
