# shared-correspondence anchor fit; rule=shared flank=2; 16 anchors [(1, 1), (2, 2), (3, 3), (4, 4), (5, 5), (6, 6), (24, 25), (25, 26), (26, 27), (27, 28), (28, 29), (29, 30), (30, 31), (31, 32), (32, 33), (33, 34)]; fit RMSD 2.64 A; source singular values [39.43, 30.87, 11.94]; target singular values [38.01, 28.12, 15.11]
pair_id	source_row_index	source_nt	category	rfam_partner	star3d_partner	rfam_C1p_dist	star3d_C1p_dist	rfam_base_centroid_dist	star3d_base_centroid_dist
RF00522__6VUI_A__7REX_A	7	C	different_partner	8	7	5.25	3.25	4.19	4.14
RF00522__6VUI_A__7REX_A	8	G	different_partner	9	10	3.39	9.96	3.51	11.42
RF00522__6VUI_A__7REX_A	9	C	different_partner	10	11	3.48	3.41	3.5	2.46
RF00522__6VUI_A__7REX_A	10	A	different_partner	11	12	2.93	4.25	3.05	4.51
RF00522__6VUI_A__7REX_A	11	G	different_partner	12	13	3.27	8.72	3.1	11.33
RF00522__6VUI_A__7REX_A	12	U	different_partner	13	14	4.73	1.34	3.13	4.9
RF00522__6VUI_A__7REX_A	13	A	star3d_only	NA	15	NA	1.82	NA	7.69
RF00522__6VUI_A__7REX_A	14	A	different_partner	15	16	6.43	1.62	4.21	2.08
RF00522__6VUI_A__7REX_A	15	C	different_partner	16	17	6.09	0.61	3.61	0.71
RF00522__6VUI_A__7REX_A	16	C	different_partner	17	18	6.62	0.61	4.95	0.56
RF00522__6VUI_A__7REX_A	17	C	different_partner	18	19	6.11	1.06	4.27	0.84
RF00522__6VUI_A__7REX_A	18	C	different_partner	19	20	6.4	1.53	4.55	0.98
RF00522__6VUI_A__7REX_A	19	A	different_partner	20	21	6.2	1.72	4.25	2.41
RF00522__6VUI_A__7REX_A	20	G	different_partner	21	22	7.26	2.67	5.79	2.67
RF00522__6VUI_A__7REX_A	21	U	different_partner	22	23	8.58	3.19	8.54	2.69
RF00522__6VUI_A__7REX_A	22	U	different_partner	23	24	5.64	6.16	10.15	10.11
RF00522__6VUI_A__7REX_A	23	A	rfam_only	24	NA	4.4	NA	3.92	NA
