# shared-correspondence anchor fit; rule=shared_flank_excl flank=2; 15 anchors [(1, 1), (2, 2), (3, 3), (4, 4), (5, 5), (6, 6), (7, 7), (8, 8), (25, 25), (26, 26), (27, 27), (28, 28), (29, 29), (30, 30), (31, 31)]; fit RMSD 1.90 A; source singular values [35.73, 20.28, 14.0]; target singular values [35.29, 20.99, 10.36]
pair_id	source_row_index	source_nt	category	rfam_partner	star3d_partner	rfam_C1p_dist	star3d_C1p_dist	rfam_base_centroid_dist	star3d_base_centroid_dist
RF00522__3FU2_A__7REX_A	15	C	star3d_only	NA	15	NA	4.58	NA	3.58
RF00522__3FU2_A__7REX_A	16	A	different_partner	15	16	7.82	2.39	5.38	2.56
RF00522__3FU2_A__7REX_A	17	C	different_partner	16	17	6.78	1.57	4.42	1.24
RF00522__3FU2_A__7REX_A	18	C	different_partner	17	18	6.75	1.29	5.18	0.95
RF00522__3FU2_A__7REX_A	19	C	different_partner	18	19	6.01	0.9	4.47	0.76
RF00522__3FU2_A__7REX_A	20	U	different_partner	19	20	6.06	0.84	4.62	0.99
RF00522__3FU2_A__7REX_A	21	C	different_partner	20	21	5.5	0.54	4.09	0.52
RF00522__3FU2_A__7REX_A	22	U	different_partner	21	22	6.19	0.84	4.26	0.91
