rep_id	original_column	row_index	row_nt	label_seq_id	auth	observed	comp_id
RF00522__3FU2_A	6	1	A	1	A:1	yes	A
RF00522__3FU2_A	7	2	G	2	A:2	yes	G
RF00522__3FU2_A	8	3	A	3	A:3	yes	A
RF00522__3FU2_A	9	4	G	4	A:4	yes	G
RF00522__3FU2_A	10	5	G	5	A:5	yes	G
RF00522__3FU2_A	11	6	U	6	A:6	yes	U
RF00522__3FU2_A	12	7	U	7	A:7	yes	U
RF00522__3FU2_A	13	8	C	8	A:8	yes	C
RF00522__3FU2_A	15	9	U	9	A:9	yes	U
RF00522__3FU2_A	16	10	A	10	A:10	yes	A
RF00522__3FU2_A	17	11	G	11	A:11	yes	G
RF00522__3FU2_A	20	12	C	12	A:12	yes	C
RF00522__3FU2_A	21	13	U	13	A:13	no	U
RF00522__3FU2_A	22	14	A	14	A:14	no	A
RF00522__3FU2_A	24	15	C	15	A:15	yes	C
RF00522__3FU2_A	25	16	A	16	A:16	yes	A
RF00522__3FU2_A	26	17	C	17	A:17	yes	C
RF00522__3FU2_A	27	18	C	18	A:18	yes	C
RF00522__3FU2_A	28	19	C	19	A:19	yes	C
RF00522__3FU2_A	29	20	U	20	A:20	yes	U
RF00522__3FU2_A	30	21	C	21	A:21	yes	C
RF00522__3FU2_A	31	22	U	22	A:22	yes	U
RF00522__3FU2_A	53	23	A	23	A:23	yes	A
RF00522__3FU2_A	54	24	U	24	A:24	yes	U
RF00522__3FU2_A	55	25	A	25	A:25	yes	A
RF00522__3FU2_A	56	26	A	26	A:26	yes	A
RF00522__3FU2_A	57	27	A	27	A:27	yes	A
RF00522__3FU2_A	58	28	A	28	A:28	yes	A
RF00522__3FU2_A	59	29	A	29	A:29	yes	A
RF00522__3FU2_A	60	30	A	30	A:30	yes	A
RF00522__3FU2_A	61	31	C	31	A:31	yes	C
RF00522__3FU2_A	62	32	U	32	A:32	yes	U
RF00522__3FU2_A	63	33	A	33	A:33	yes	A
RF00522__3FU2_A	64	34	A	34	A:34	yes	A
RF00522__6VUI_A	6	1	C	1	A:1	yes	C
RF00522__6VUI_A	7	2	U	2	A:2	yes	U
RF00522__6VUI_A	8	3	G	3	A:3	yes	G
RF00522__6VUI_A	9	4	G	4	A:4	yes	G
RF00522__6VUI_A	10	5	G	5	A:5	yes	G
RF00522__6VUI_A	11	6	U	6	A:6	yes	U
RF00522__6VUI_A	13	7	C	7	A:7	yes	C
RF00522__6VUI_A	14	8	G	8	A:8	yes	G
RF00522__6VUI_A	15	9	C	9	A:9	yes	C
RF00522__6VUI_A	16	10	A	10	A:10	yes	A
RF00522__6VUI_A	17	11	G	11	A:11	yes	G
RF00522__6VUI_A	20	12	U	12	A:12	yes	U
RF00522__6VUI_A	22	13	A	13	A:13	yes	A
RF00522__6VUI_A	25	14	A	14	A:14	yes	A
RF00522__6VUI_A	26	15	C	15	A:15	yes	C
RF00522__6VUI_A	27	16	C	16	A:16	yes	C
RF00522__6VUI_A	28	17	C	17	A:17	yes	C
RF00522__6VUI_A	29	18	C	18	A:18	yes	C
RF00522__6VUI_A	30	19	A	19	A:19	yes	A
RF00522__6VUI_A	31	20	G	20	A:20	yes	G
RF00522__6VUI_A	32	21	U	21	A:21	yes	U
RF00522__6VUI_A	53	22	U	22	A:22	yes	U
RF00522__6VUI_A	54	23	A	23	A:23	yes	A
RF00522__6VUI_A	55	24	A	24	A:24	yes	A
RF00522__6VUI_A	56	25	C	25	A:25	yes	C
RF00522__6VUI_A	57	26	A	26	A:26	yes	A
RF00522__6VUI_A	58	27	A	27	A:27	yes	A
RF00522__6VUI_A	59	28	A	28	A:28	yes	A
RF00522__6VUI_A	60	29	A	29	A:29	yes	A
RF00522__6VUI_A	61	30	C	30	A:30	yes	C
RF00522__6VUI_A	63	31	A	31	A:31	yes	A
RF00522__6VUI_A	64	32	A	32	A:32	yes	A
RF00522__6VUI_A	65	33	G	33	A:33	yes	G
RF00522__7REX_A	6	1	U	1	A:1	yes	U
RF00522__7REX_A	7	2	G	2	A:2	yes	G
RF00522__7REX_A	8	3	U	3	A:3	yes	U
RF00522__7REX_A	9	4	G	4	A:4	yes	G
RF00522__7REX_A	10	5	G	5	A:5	yes	G
RF00522__7REX_A	11	6	U	6	A:6	yes	U
RF00522__7REX_A	12	7	U	7	A:7	yes	U
RF00522__7REX_A	13	8	C	8	A:8	yes	C
RF00522__7REX_A	14	9	G	9	A:9	yes	G
RF00522__7REX_A	15	10	C	10	A:10	yes	C
RF00522__7REX_A	16	11	A	11	A:11	yes	A
RF00522__7REX_A	17	12	A	12	A:12	yes	A
RF00522__7REX_A	20	13	C	13	A:13	yes	C
RF00522__7REX_A	21	14	C	14	A:14	yes	C
RF00522__7REX_A	25	15	A	15	A:15	yes	A
RF00522__7REX_A	26	16	U	16	A:16	yes	U
RF00522__7REX_A	27	17	C	17	A:17	yes	C
RF00522__7REX_A	28	18	C	18	A:18	yes	C
RF00522__7REX_A	29	19	C	19	A:19	yes	C
RF00522__7REX_A	30	20	A	20	A:20	yes	A
RF00522__7REX_A	31	21	C	21	A:21	yes	C
RF00522__7REX_A	32	22	A	22	A:22	yes	A
RF00522__7REX_A	53	23	U	23	A:23	yes	U
RF00522__7REX_A	54	24	A	24	A:24	yes	A
RF00522__7REX_A	55	25	A	25	A:25	yes	A
RF00522__7REX_A	56	26	A	26	A:26	yes	A
RF00522__7REX_A	57	27	A	27	A:27	yes	A
RF00522__7REX_A	58	28	A	28	A:28	yes	A
RF00522__7REX_A	59	29	A	29	A:29	yes	A
RF00522__7REX_A	60	30	A	30	A:30	yes	A
RF00522__7REX_A	61	31	C	31	A:31	yes	C
RF00522__7REX_A	63	32	U	32	A:32	yes	U
RF00522__7REX_A	64	33	A	33	A:33	yes	A
RF00522__7REX_A	65	34	G	34	A:34	yes	G
