pair_id	source_side	source_rep	target_rep	i	j	label	pair_class	kind	source_masked	rfam_status	rfam_target	rfam_target_masked	star3d_forward_status	star3d_forward_target	star3d_forward_target_masked	star3d_reverse_status	star3d_reverse_target	star3d_reverse_target_masked	eligible_rfam_vs_star3d_forward	exclusion_rfam_vs_star3d_forward	eligible_rfam_vs_star3d_reverse	exclusion_rfam_vs_star3d_reverse	eligible_all_three_methods	exclusion_all_three_methods	reference_source	rfam_release
RF00005__5CCB_N__7EQJ_B	query	RF00005__5CCB_N	RF00005__7EQJ_B	1	72	cWW	canonical	basepair	no	exact_class_preserved	1-72	no	exact_class_preserved	1-72	no	exact_class_preserved	1-72	no	yes	NA	yes	NA	yes	NA	Rfam.seed.gz	15.1
RF00005__5CCB_N__7EQJ_B	query	RF00005__5CCB_N	RF00005__7EQJ_B	2	71	cWW	canonical	basepair	no	exact_class_preserved	2-71	no	exact_class_preserved	2-71	no	exact_class_preserved	2-71	no	yes	NA	yes	NA	yes	NA	Rfam.seed.gz	15.1
RF00005__5CCB_N__7EQJ_B	query	RF00005__5CCB_N	RF00005__7EQJ_B	3	70	cWW	canonical	basepair	no	exact_class_preserved	3-70	no	exact_class_preserved	3-70	no	exact_class_preserved	3-70	no	yes	NA	yes	NA	yes	NA	Rfam.seed.gz	15.1
RF00005__5CCB_N__7EQJ_B	query	RF00005__5CCB_N	RF00005__7EQJ_B	4	69	cWW	canonical	basepair	no	exact_class_preserved	4-69	no	exact_class_preserved	4-69	no	exact_class_preserved	4-69	no	yes	NA	yes	NA	yes	NA	Rfam.seed.gz	15.1
RF00005__5CCB_N__7EQJ_B	query	RF00005__5CCB_N	RF00005__7EQJ_B	5	68	cWW	canonical	basepair	no	exact_class_preserved	5-68	no	exact_class_preserved	5-68	no	exact_class_preserved	5-68	no	yes	NA	yes	NA	yes	NA	Rfam.seed.gz	15.1
RF00005__5CCB_N__7EQJ_B	query	RF00005__5CCB_N	RF00005__7EQJ_B	6	67	cWW	wobble	basepair	no	exact_class_preserved	6-67	no	exact_class_preserved	6-67	no	exact_class_preserved	6-67	no	yes	NA	yes	NA	yes	NA	Rfam.seed.gz	15.1
RF00005__5CCB_N__7EQJ_B	query	RF00005__5CCB_N	RF00005__7EQJ_B	7	66	cWW	canonical	basepair	no	exact_class_preserved	7-66	no	exact_class_preserved	7-66	no	exact_class_preserved	7-66	no	yes	NA	yes	NA	yes	NA	Rfam.seed.gz	15.1
RF00005__5CCB_N__7EQJ_B	query	RF00005__5CCB_N	RF00005__7EQJ_B	8	21	tWW	noncanonical	basepair	no	different_class	8-21	no	unmapped_endpoint	8-None	NA	unmapped_endpoint	8-None	NA	no	star3d_forward_unmapped_endpoint	no	star3d_reverse_unmapped_endpoint	no	star3d_forward_unmapped_endpoint	Rfam.seed.gz	15.1
RF00005__5CCB_N__7EQJ_B	query	RF00005__5CCB_N	RF00005__7EQJ_B	9	23	tHH	noncanonical	basepair	no	exact_class_preserved	9-23	no	exact_class_preserved	9-23	no	exact_class_preserved	9-23	no	yes	NA	yes	NA	yes	NA	Rfam.seed.gz	15.1
RF00005__5CCB_N__7EQJ_B	query	RF00005__5CCB_N	RF00005__7EQJ_B	10	25	cWW	canonical	basepair	no	exact_class_preserved	10-25	no	exact_class_preserved	10-25	no	exact_class_preserved	10-25	no	yes	NA	yes	NA	yes	NA	Rfam.seed.gz	15.1
RF00005__5CCB_N__7EQJ_B	query	RF00005__5CCB_N	RF00005__7EQJ_B	11	24	cWW	canonical	basepair	no	exact_class_preserved	11-24	no	exact_class_preserved	11-24	no	exact_class_preserved	11-24	no	yes	NA	yes	NA	yes	NA	Rfam.seed.gz	15.1
RF00005__5CCB_N__7EQJ_B	query	RF00005__5CCB_N	RF00005__7EQJ_B	12	23	cWW	canonical	basepair	no	exact_class_preserved	12-23	no	exact_class_preserved	12-23	no	exact_class_preserved	12-23	no	yes	NA	yes	NA	yes	NA	Rfam.seed.gz	15.1
RF00005__5CCB_N__7EQJ_B	query	RF00005__5CCB_N	RF00005__7EQJ_B	13	22	cWW	canonical	basepair	no	exact_class_preserved	13-22	no	exact_class_preserved	13-22	no	exact_class_preserved	13-22	no	yes	NA	yes	NA	yes	NA	Rfam.seed.gz	15.1
RF00005__5CCB_N__7EQJ_B	query	RF00005__5CCB_N	RF00005__7EQJ_B	22	46	tHW	noncanonical	basepair	no	exact_class_preserved	22-46	no	exact_class_preserved	22-46	no	exact_class_preserved	22-46	no	yes	NA	yes	NA	yes	NA	Rfam.seed.gz	15.1
RF00005__5CCB_N__7EQJ_B	query	RF00005__5CCB_N	RF00005__7EQJ_B	26	44	cWW	noncanonical	basepair	no	exact_class_preserved	26-44	no	exact_class_preserved	26-44	no	exact_class_preserved	26-44	no	yes	NA	yes	NA	yes	NA	Rfam.seed.gz	15.1
RF00005__5CCB_N__7EQJ_B	query	RF00005__5CCB_N	RF00005__7EQJ_B	27	43	cWW	canonical	basepair	no	exact_class_preserved	27-43	no	exact_class_preserved	27-43	no	exact_class_preserved	27-43	no	yes	NA	yes	NA	yes	NA	Rfam.seed.gz	15.1
RF00005__5CCB_N__7EQJ_B	query	RF00005__5CCB_N	RF00005__7EQJ_B	28	42	cWW	canonical	basepair	no	exact_class_preserved	28-42	no	exact_class_preserved	28-42	no	exact_class_preserved	28-42	no	yes	NA	yes	NA	yes	NA	Rfam.seed.gz	15.1
RF00005__5CCB_N__7EQJ_B	query	RF00005__5CCB_N	RF00005__7EQJ_B	29	41	cWW	canonical	basepair	no	exact_class_preserved	29-41	no	exact_class_preserved	29-41	no	exact_class_preserved	29-41	no	yes	NA	yes	NA	yes	NA	Rfam.seed.gz	15.1
RF00005__5CCB_N__7EQJ_B	query	RF00005__5CCB_N	RF00005__7EQJ_B	30	40	cWW	canonical	basepair	no	exact_class_preserved	30-40	no	exact_class_preserved	30-40	no	exact_class_preserved	30-40	no	yes	NA	yes	NA	yes	NA	Rfam.seed.gz	15.1
RF00005__5CCB_N__7EQJ_B	query	RF00005__5CCB_N	RF00005__7EQJ_B	31	39	cWW	canonical	basepair	no	exact_class_preserved	31-39	no	exact_class_preserved	31-39	no	exact_class_preserved	31-39	no	yes	NA	yes	NA	yes	NA	Rfam.seed.gz	15.1
RF00005__5CCB_N__7EQJ_B	query	RF00005__5CCB_N	RF00005__7EQJ_B	32	38	cWW	noncanonical	basepair	no	no_annotated_target_pair	32-38	no	no_annotated_target_pair	32-38	no	no_annotated_target_pair	32-38	no	yes	NA	yes	NA	yes	NA	Rfam.seed.gz	15.1
RF00005__5CCB_N__7EQJ_B	query	RF00005__5CCB_N	RF00005__7EQJ_B	33	37	cWW	canonical	basepair	no	no_annotated_target_pair	33-37	no	no_annotated_target_pair	33-37	no	no_annotated_target_pair	33-37	no	yes	NA	yes	NA	yes	NA	Rfam.seed.gz	15.1
RF00005__5CCB_N__7EQJ_B	query	RF00005__5CCB_N	RF00005__7EQJ_B	49	65	cWW	canonical	basepair	no	exact_class_preserved	49-65	no	exact_class_preserved	49-65	no	exact_class_preserved	49-65	no	yes	NA	yes	NA	yes	NA	Rfam.seed.gz	15.1
RF00005__5CCB_N__7EQJ_B	query	RF00005__5CCB_N	RF00005__7EQJ_B	50	64	cWW	canonical	basepair	no	exact_class_preserved	50-64	no	exact_class_preserved	50-64	no	exact_class_preserved	50-64	no	yes	NA	yes	NA	yes	NA	Rfam.seed.gz	15.1
RF00005__5CCB_N__7EQJ_B	query	RF00005__5CCB_N	RF00005__7EQJ_B	51	63	cWW	canonical	basepair	no	exact_class_preserved	51-63	no	exact_class_preserved	51-63	no	exact_class_preserved	51-63	no	yes	NA	yes	NA	yes	NA	Rfam.seed.gz	15.1
RF00005__5CCB_N__7EQJ_B	query	RF00005__5CCB_N	RF00005__7EQJ_B	52	62	cWW	canonical	basepair	no	exact_class_preserved	52-62	no	exact_class_preserved	52-62	no	exact_class_preserved	52-62	no	yes	NA	yes	NA	yes	NA	Rfam.seed.gz	15.1
RF00005__5CCB_N__7EQJ_B	query	RF00005__5CCB_N	RF00005__7EQJ_B	53	61	cWW	canonical	basepair	no	exact_class_preserved	53-61	no	exact_class_preserved	53-61	no	exact_class_preserved	53-61	no	yes	NA	yes	NA	yes	NA	Rfam.seed.gz	15.1
RF00005__5CCB_N__7EQJ_B	query	RF00005__5CCB_N	RF00005__7EQJ_B	1	2	s35	stack	stack	no	exact_class_preserved	1-2	no	exact_class_preserved	1-2	no	exact_class_preserved	1-2	no	yes	NA	yes	NA	yes	NA	Rfam.seed.gz	15.1
RF00005__5CCB_N__7EQJ_B	query	RF00005__5CCB_N	RF00005__7EQJ_B	1	73	s55	stack	stack	no	exact_class_preserved	1-73	no	exact_class_preserved	1-73	no	exact_class_preserved	1-73	no	yes	NA	yes	NA	yes	NA	Rfam.seed.gz	15.1
RF00005__5CCB_N__7EQJ_B	query	RF00005__5CCB_N	RF00005__7EQJ_B	2	3	s35	stack	stack	no	exact_class_preserved	2-3	no	exact_class_preserved	2-3	no	exact_class_preserved	2-3	no	yes	NA	yes	NA	yes	NA	Rfam.seed.gz	15.1
RF00005__5CCB_N__7EQJ_B	query	RF00005__5CCB_N	RF00005__7EQJ_B	3	4	s35	stack	stack	no	exact_class_preserved	3-4	no	exact_class_preserved	3-4	no	exact_class_preserved	3-4	no	yes	NA	yes	NA	yes	NA	Rfam.seed.gz	15.1
RF00005__5CCB_N__7EQJ_B	query	RF00005__5CCB_N	RF00005__7EQJ_B	3	71	s55	stack	stack	no	exact_class_preserved	3-71	no	exact_class_preserved	3-71	no	exact_class_preserved	3-71	no	yes	NA	yes	NA	yes	NA	Rfam.seed.gz	15.1
RF00005__5CCB_N__7EQJ_B	query	RF00005__5CCB_N	RF00005__7EQJ_B	4	5	ns35	stack	stack	no	different_class	4-5	no	different_class	4-5	no	different_class	4-5	no	yes	NA	yes	NA	yes	NA	Rfam.seed.gz	15.1
RF00005__5CCB_N__7EQJ_B	query	RF00005__5CCB_N	RF00005__7EQJ_B	4	70	s55	stack	stack	no	no_annotated_target_pair	4-70	no	no_annotated_target_pair	4-70	no	no_annotated_target_pair	4-70	no	yes	NA	yes	NA	yes	NA	Rfam.seed.gz	15.1
RF00005__5CCB_N__7EQJ_B	query	RF00005__5CCB_N	RF00005__7EQJ_B	5	6	s35	stack	stack	no	exact_class_preserved	5-6	no	exact_class_preserved	5-6	no	exact_class_preserved	5-6	no	yes	NA	yes	NA	yes	NA	Rfam.seed.gz	15.1
RF00005__5CCB_N__7EQJ_B	query	RF00005__5CCB_N	RF00005__7EQJ_B	5	69	s55	stack	stack	no	exact_class_preserved	5-69	no	exact_class_preserved	5-69	no	exact_class_preserved	5-69	no	yes	NA	yes	NA	yes	NA	Rfam.seed.gz	15.1
RF00005__5CCB_N__7EQJ_B	query	RF00005__5CCB_N	RF00005__7EQJ_B	6	7	s35	stack	stack	no	exact_class_preserved	6-7	no	exact_class_preserved	6-7	no	exact_class_preserved	6-7	no	yes	NA	yes	NA	yes	NA	Rfam.seed.gz	15.1
RF00005__5CCB_N__7EQJ_B	query	RF00005__5CCB_N	RF00005__7EQJ_B	6	68	s55	stack	stack	no	different_class	6-68	no	different_class	6-68	no	different_class	6-68	no	yes	NA	yes	NA	yes	NA	Rfam.seed.gz	15.1
RF00005__5CCB_N__7EQJ_B	query	RF00005__5CCB_N	RF00005__7EQJ_B	7	49	s35	stack	stack	no	exact_class_preserved	7-49	no	exact_class_preserved	7-49	no	exact_class_preserved	7-49	no	yes	NA	yes	NA	yes	NA	Rfam.seed.gz	15.1
RF00005__5CCB_N__7EQJ_B	query	RF00005__5CCB_N	RF00005__7EQJ_B	8	46	s33	stack	stack	no	no_annotated_target_pair	8-46	no	no_annotated_target_pair	8-46	no	no_annotated_target_pair	8-46	no	yes	NA	yes	NA	yes	NA	Rfam.seed.gz	15.1
RF00005__5CCB_N__7EQJ_B	query	RF00005__5CCB_N	RF00005__7EQJ_B	8	48	s55	stack	stack	no	no_annotated_target_pair	8-48	no	no_annotated_target_pair	8-48	no	no_annotated_target_pair	8-48	no	yes	NA	yes	NA	yes	NA	Rfam.seed.gz	15.1
RF00005__5CCB_N__7EQJ_B	query	RF00005__5CCB_N	RF00005__7EQJ_B	9	45	s33	stack	stack	no	exact_class_preserved	9-45	no	exact_class_preserved	9-45	no	exact_class_preserved	9-45	no	yes	NA	yes	NA	yes	NA	Rfam.seed.gz	15.1
RF00005__5CCB_N__7EQJ_B	query	RF00005__5CCB_N	RF00005__7EQJ_B	9	46	s55	stack	stack	no	exact_class_preserved	9-46	no	exact_class_preserved	9-46	no	exact_class_preserved	9-46	no	yes	NA	yes	NA	yes	NA	Rfam.seed.gz	15.1
RF00005__5CCB_N__7EQJ_B	query	RF00005__5CCB_N	RF00005__7EQJ_B	10	26	ns55	stack	stack	no	different_class	10-26	no	different_class	10-26	no	different_class	10-26	no	yes	NA	yes	NA	yes	NA	Rfam.seed.gz	15.1
RF00005__5CCB_N__7EQJ_B	query	RF00005__5CCB_N	RF00005__7EQJ_B	10	11	s35	stack	stack	no	exact_class_preserved	10-11	no	exact_class_preserved	10-11	no	exact_class_preserved	10-11	no	yes	NA	yes	NA	yes	NA	Rfam.seed.gz	15.1
RF00005__5CCB_N__7EQJ_B	query	RF00005__5CCB_N	RF00005__7EQJ_B	11	12	s35	stack	stack	no	exact_class_preserved	11-12	no	exact_class_preserved	11-12	no	exact_class_preserved	11-12	no	yes	NA	yes	NA	yes	NA	Rfam.seed.gz	15.1
RF00005__5CCB_N__7EQJ_B	query	RF00005__5CCB_N	RF00005__7EQJ_B	12	13	s35	stack	stack	no	exact_class_preserved	12-13	no	exact_class_preserved	12-13	no	exact_class_preserved	12-13	no	yes	NA	yes	NA	yes	NA	Rfam.seed.gz	15.1
RF00005__5CCB_N__7EQJ_B	query	RF00005__5CCB_N	RF00005__7EQJ_B	12	24	s55	stack	stack	no	exact_class_preserved	12-24	no	exact_class_preserved	12-24	no	exact_class_preserved	12-24	no	yes	NA	yes	NA	yes	NA	Rfam.seed.gz	15.1
RF00005__5CCB_N__7EQJ_B	query	RF00005__5CCB_N	RF00005__7EQJ_B	13	14	s35	stack	stack	no	no_annotated_target_pair	13-14	no	no_annotated_target_pair	13-14	no	no_annotated_target_pair	13-14	no	yes	NA	yes	NA	yes	NA	Rfam.seed.gz	15.1
RF00005__5CCB_N__7EQJ_B	query	RF00005__5CCB_N	RF00005__7EQJ_B	13	23	s55	stack	stack	no	exact_class_preserved	13-23	no	exact_class_preserved	13-23	no	exact_class_preserved	13-23	no	yes	NA	yes	NA	yes	NA	Rfam.seed.gz	15.1
RF00005__5CCB_N__7EQJ_B	query	RF00005__5CCB_N	RF00005__7EQJ_B	14	20	s33	stack	stack	no	no_annotated_target_pair	14-20	no	different_class	14-15	no	different_class	14-15	no	yes	NA	yes	NA	yes	NA	Rfam.seed.gz	15.1
RF00005__5CCB_N__7EQJ_B	query	RF00005__5CCB_N	RF00005__7EQJ_B	14	22	s55	stack	stack	no	exact_class_preserved	14-22	no	exact_class_preserved	14-22	no	exact_class_preserved	14-22	no	yes	NA	yes	NA	yes	NA	Rfam.seed.gz	15.1
RF00005__5CCB_N__7EQJ_B	query	RF00005__5CCB_N	RF00005__7EQJ_B	15	19	s35	stack	stack	no	no_annotated_target_pair	15-19	no	unmapped_endpoint	None-None	NA	unmapped_endpoint	None-None	NA	no	star3d_forward_unmapped_endpoint	no	star3d_reverse_unmapped_endpoint	no	star3d_forward_unmapped_endpoint	Rfam.seed.gz	15.1
RF00005__5CCB_N__7EQJ_B	query	RF00005__5CCB_N	RF00005__7EQJ_B	17	19	s53	stack	stack	no	no_annotated_target_pair	17-19	no	unmapped_endpoint	None-None	NA	unmapped_endpoint	None-None	NA	no	star3d_forward_unmapped_endpoint	no	star3d_reverse_unmapped_endpoint	no	star3d_forward_unmapped_endpoint	Rfam.seed.gz	15.1
RF00005__5CCB_N__7EQJ_B	query	RF00005__5CCB_N	RF00005__7EQJ_B	21	46	s33	stack	stack	no	exact_class_preserved	21-46	no	unmapped_endpoint	None-46	NA	unmapped_endpoint	None-46	NA	no	star3d_forward_unmapped_endpoint	no	star3d_reverse_unmapped_endpoint	no	star3d_forward_unmapped_endpoint	Rfam.seed.gz	15.1
RF00005__5CCB_N__7EQJ_B	query	RF00005__5CCB_N	RF00005__7EQJ_B	21	48	s55	stack	stack	no	exact_class_preserved	21-48	no	unmapped_endpoint	None-48	NA	unmapped_endpoint	None-48	NA	no	star3d_forward_unmapped_endpoint	no	star3d_reverse_unmapped_endpoint	no	star3d_forward_unmapped_endpoint	Rfam.seed.gz	15.1
RF00005__5CCB_N__7EQJ_B	query	RF00005__5CCB_N	RF00005__7EQJ_B	22	23	s35	stack	stack	no	exact_class_preserved	22-23	no	exact_class_preserved	22-23	no	exact_class_preserved	22-23	no	yes	NA	yes	NA	yes	NA	Rfam.seed.gz	15.1
RF00005__5CCB_N__7EQJ_B	query	RF00005__5CCB_N	RF00005__7EQJ_B	23	24	s35	stack	stack	no	exact_class_preserved	23-24	no	exact_class_preserved	23-24	no	exact_class_preserved	23-24	no	yes	NA	yes	NA	yes	NA	Rfam.seed.gz	15.1
RF00005__5CCB_N__7EQJ_B	query	RF00005__5CCB_N	RF00005__7EQJ_B	24	25	s35	stack	stack	no	exact_class_preserved	24-25	no	exact_class_preserved	24-25	no	exact_class_preserved	24-25	no	yes	NA	yes	NA	yes	NA	Rfam.seed.gz	15.1
RF00005__5CCB_N__7EQJ_B	query	RF00005__5CCB_N	RF00005__7EQJ_B	25	26	s35	stack	stack	no	exact_class_preserved	25-26	no	exact_class_preserved	25-26	no	exact_class_preserved	25-26	no	yes	NA	yes	NA	yes	NA	Rfam.seed.gz	15.1
RF00005__5CCB_N__7EQJ_B	query	RF00005__5CCB_N	RF00005__7EQJ_B	26	27	s35	stack	stack	no	exact_class_preserved	26-27	no	exact_class_preserved	26-27	no	exact_class_preserved	26-27	no	yes	NA	yes	NA	yes	NA	Rfam.seed.gz	15.1
RF00005__5CCB_N__7EQJ_B	query	RF00005__5CCB_N	RF00005__7EQJ_B	27	44	ns55	stack	stack	no	exact_class_preserved	27-44	no	exact_class_preserved	27-44	no	exact_class_preserved	27-44	no	yes	NA	yes	NA	yes	NA	Rfam.seed.gz	15.1
RF00005__5CCB_N__7EQJ_B	query	RF00005__5CCB_N	RF00005__7EQJ_B	27	28	s35	stack	stack	no	exact_class_preserved	27-28	no	exact_class_preserved	27-28	no	exact_class_preserved	27-28	no	yes	NA	yes	NA	yes	NA	Rfam.seed.gz	15.1
RF00005__5CCB_N__7EQJ_B	query	RF00005__5CCB_N	RF00005__7EQJ_B	28	29	s35	stack	stack	no	exact_class_preserved	28-29	no	exact_class_preserved	28-29	no	exact_class_preserved	28-29	no	yes	NA	yes	NA	yes	NA	Rfam.seed.gz	15.1
RF00005__5CCB_N__7EQJ_B	query	RF00005__5CCB_N	RF00005__7EQJ_B	29	30	s35	stack	stack	no	exact_class_preserved	29-30	no	exact_class_preserved	29-30	no	exact_class_preserved	29-30	no	yes	NA	yes	NA	yes	NA	Rfam.seed.gz	15.1
RF00005__5CCB_N__7EQJ_B	query	RF00005__5CCB_N	RF00005__7EQJ_B	29	42	s55	stack	stack	no	exact_class_preserved	29-42	no	exact_class_preserved	29-42	no	exact_class_preserved	29-42	no	yes	NA	yes	NA	yes	NA	Rfam.seed.gz	15.1
RF00005__5CCB_N__7EQJ_B	query	RF00005__5CCB_N	RF00005__7EQJ_B	30	31	s35	stack	stack	no	exact_class_preserved	30-31	no	exact_class_preserved	30-31	no	exact_class_preserved	30-31	no	yes	NA	yes	NA	yes	NA	Rfam.seed.gz	15.1
RF00005__5CCB_N__7EQJ_B	query	RF00005__5CCB_N	RF00005__7EQJ_B	30	41	s55	stack	stack	no	different_class	30-41	no	different_class	30-41	no	different_class	30-41	no	yes	NA	yes	NA	yes	NA	Rfam.seed.gz	15.1
RF00005__5CCB_N__7EQJ_B	query	RF00005__5CCB_N	RF00005__7EQJ_B	31	32	s35	stack	stack	no	exact_class_preserved	31-32	no	exact_class_preserved	31-32	no	exact_class_preserved	31-32	no	yes	NA	yes	NA	yes	NA	Rfam.seed.gz	15.1
RF00005__5CCB_N__7EQJ_B	query	RF00005__5CCB_N	RF00005__7EQJ_B	32	33	s35	stack	stack	no	exact_class_preserved	32-33	no	exact_class_preserved	32-33	no	exact_class_preserved	32-33	no	yes	NA	yes	NA	yes	NA	Rfam.seed.gz	15.1
RF00005__5CCB_N__7EQJ_B	query	RF00005__5CCB_N	RF00005__7EQJ_B	33	38	ns55	stack	stack	no	no_annotated_target_pair	33-38	no	no_annotated_target_pair	33-38	no	no_annotated_target_pair	33-38	no	yes	NA	yes	NA	yes	NA	Rfam.seed.gz	15.1
RF00005__5CCB_N__7EQJ_B	query	RF00005__5CCB_N	RF00005__7EQJ_B	33	35	s35	stack	stack	no	no_annotated_target_pair	33-35	no	no_annotated_target_pair	33-35	no	no_annotated_target_pair	33-35	no	yes	NA	yes	NA	yes	NA	Rfam.seed.gz	15.1
RF00005__5CCB_N__7EQJ_B	query	RF00005__5CCB_N	RF00005__7EQJ_B	35	37	s55	stack	stack	no	no_annotated_target_pair	35-37	no	no_annotated_target_pair	35-37	no	no_annotated_target_pair	35-37	no	yes	NA	yes	NA	yes	NA	Rfam.seed.gz	15.1
RF00005__5CCB_N__7EQJ_B	query	RF00005__5CCB_N	RF00005__7EQJ_B	37	38	s35	stack	stack	no	exact_class_preserved	37-38	no	exact_class_preserved	37-38	no	exact_class_preserved	37-38	no	yes	NA	yes	NA	yes	NA	Rfam.seed.gz	15.1
RF00005__5CCB_N__7EQJ_B	query	RF00005__5CCB_N	RF00005__7EQJ_B	38	39	s35	stack	stack	no	exact_class_preserved	38-39	no	exact_class_preserved	38-39	no	exact_class_preserved	38-39	no	yes	NA	yes	NA	yes	NA	Rfam.seed.gz	15.1
RF00005__5CCB_N__7EQJ_B	query	RF00005__5CCB_N	RF00005__7EQJ_B	39	40	s35	stack	stack	no	exact_class_preserved	39-40	no	exact_class_preserved	39-40	no	exact_class_preserved	39-40	no	yes	NA	yes	NA	yes	NA	Rfam.seed.gz	15.1
RF00005__5CCB_N__7EQJ_B	query	RF00005__5CCB_N	RF00005__7EQJ_B	40	41	s35	stack	stack	no	exact_class_preserved	40-41	no	exact_class_preserved	40-41	no	exact_class_preserved	40-41	no	yes	NA	yes	NA	yes	NA	Rfam.seed.gz	15.1
RF00005__5CCB_N__7EQJ_B	query	RF00005__5CCB_N	RF00005__7EQJ_B	41	42	s35	stack	stack	no	exact_class_preserved	41-42	no	exact_class_preserved	41-42	no	exact_class_preserved	41-42	no	yes	NA	yes	NA	yes	NA	Rfam.seed.gz	15.1
RF00005__5CCB_N__7EQJ_B	query	RF00005__5CCB_N	RF00005__7EQJ_B	42	43	s35	stack	stack	no	exact_class_preserved	42-43	no	exact_class_preserved	42-43	no	exact_class_preserved	42-43	no	yes	NA	yes	NA	yes	NA	Rfam.seed.gz	15.1
RF00005__5CCB_N__7EQJ_B	query	RF00005__5CCB_N	RF00005__7EQJ_B	43	44	s35	stack	stack	no	exact_class_preserved	43-44	no	exact_class_preserved	43-44	no	exact_class_preserved	43-44	no	yes	NA	yes	NA	yes	NA	Rfam.seed.gz	15.1
RF00005__5CCB_N__7EQJ_B	query	RF00005__5CCB_N	RF00005__7EQJ_B	44	45	s35	stack	stack	no	exact_class_preserved	44-45	no	exact_class_preserved	44-45	no	exact_class_preserved	44-45	no	yes	NA	yes	NA	yes	NA	Rfam.seed.gz	15.1
RF00005__5CCB_N__7EQJ_B	query	RF00005__5CCB_N	RF00005__7EQJ_B	49	50	s35	stack	stack	no	exact_class_preserved	49-50	no	exact_class_preserved	49-50	no	exact_class_preserved	49-50	no	yes	NA	yes	NA	yes	NA	Rfam.seed.gz	15.1
RF00005__5CCB_N__7EQJ_B	query	RF00005__5CCB_N	RF00005__7EQJ_B	50	51	s35	stack	stack	no	exact_class_preserved	50-51	no	exact_class_preserved	50-51	no	exact_class_preserved	50-51	no	yes	NA	yes	NA	yes	NA	Rfam.seed.gz	15.1
RF00005__5CCB_N__7EQJ_B	query	RF00005__5CCB_N	RF00005__7EQJ_B	50	65	s55	stack	stack	no	exact_class_preserved	50-65	no	exact_class_preserved	50-65	no	exact_class_preserved	50-65	no	yes	NA	yes	NA	yes	NA	Rfam.seed.gz	15.1
RF00005__5CCB_N__7EQJ_B	query	RF00005__5CCB_N	RF00005__7EQJ_B	51	52	s35	stack	stack	no	exact_class_preserved	51-52	no	exact_class_preserved	51-52	no	exact_class_preserved	51-52	no	yes	NA	yes	NA	yes	NA	Rfam.seed.gz	15.1
RF00005__5CCB_N__7EQJ_B	query	RF00005__5CCB_N	RF00005__7EQJ_B	51	64	s55	stack	stack	no	no_annotated_target_pair	51-64	no	no_annotated_target_pair	51-64	no	no_annotated_target_pair	51-64	no	yes	NA	yes	NA	yes	NA	Rfam.seed.gz	15.1
RF00005__5CCB_N__7EQJ_B	query	RF00005__5CCB_N	RF00005__7EQJ_B	52	53	s35	stack	stack	no	exact_class_preserved	52-53	no	exact_class_preserved	52-53	no	exact_class_preserved	52-53	no	yes	NA	yes	NA	yes	NA	Rfam.seed.gz	15.1
RF00005__5CCB_N__7EQJ_B	query	RF00005__5CCB_N	RF00005__7EQJ_B	52	63	s55	stack	stack	no	exact_class_preserved	52-63	no	exact_class_preserved	52-63	no	exact_class_preserved	52-63	no	yes	NA	yes	NA	yes	NA	Rfam.seed.gz	15.1
RF00005__5CCB_N__7EQJ_B	query	RF00005__5CCB_N	RF00005__7EQJ_B	53	54	s35	stack	stack	no	exact_class_preserved	53-54	no	unmapped_endpoint	53-None	NA	unmapped_endpoint	53-None	NA	no	star3d_forward_unmapped_endpoint	no	star3d_reverse_unmapped_endpoint	no	star3d_forward_unmapped_endpoint	Rfam.seed.gz	15.1
RF00005__5CCB_N__7EQJ_B	query	RF00005__5CCB_N	RF00005__7EQJ_B	53	62	s55	stack	stack	no	exact_class_preserved	53-62	no	exact_class_preserved	53-62	no	exact_class_preserved	53-62	no	yes	NA	yes	NA	yes	NA	Rfam.seed.gz	15.1
RF00005__5CCB_N__7EQJ_B	query	RF00005__5CCB_N	RF00005__7EQJ_B	54	55	ns35	stack	stack	no	different_class	54-55	no	unmapped_endpoint	None-54	NA	unmapped_endpoint	None-None	NA	no	star3d_forward_unmapped_endpoint	no	star3d_reverse_unmapped_endpoint	no	star3d_forward_unmapped_endpoint	Rfam.seed.gz	15.1
RF00005__5CCB_N__7EQJ_B	query	RF00005__5CCB_N	RF00005__7EQJ_B	55	59	s53	stack	stack	no	no_annotated_target_pair	55-59	no	unmapped_endpoint	54-None	NA	unmapped_endpoint	None-57	NA	no	star3d_forward_unmapped_endpoint	no	star3d_reverse_unmapped_endpoint	no	star3d_forward_unmapped_endpoint	Rfam.seed.gz	15.1
RF00005__5CCB_N__7EQJ_B	query	RF00005__5CCB_N	RF00005__7EQJ_B	56	58	s35	stack	stack	no	no_annotated_target_pair	56-58	no	no_annotated_target_pair	55-57	no	no_annotated_target_pair	54-56	no	yes	NA	yes	NA	yes	NA	Rfam.seed.gz	15.1
RF00005__5CCB_N__7EQJ_B	query	RF00005__5CCB_N	RF00005__7EQJ_B	59	61	s55	stack	stack	no	no_annotated_target_pair	59-61	no	unmapped_endpoint	None-61	NA	no_annotated_target_pair	57-61	no	no	star3d_forward_unmapped_endpoint	yes	NA	no	star3d_forward_unmapped_endpoint	Rfam.seed.gz	15.1
RF00005__5CCB_N__7EQJ_B	query	RF00005__5CCB_N	RF00005__7EQJ_B	61	62	s35	stack	stack	no	exact_class_preserved	61-62	no	exact_class_preserved	61-62	no	exact_class_preserved	61-62	no	yes	NA	yes	NA	yes	NA	Rfam.seed.gz	15.1
RF00005__5CCB_N__7EQJ_B	query	RF00005__5CCB_N	RF00005__7EQJ_B	62	63	s35	stack	stack	no	exact_class_preserved	62-63	no	exact_class_preserved	62-63	no	exact_class_preserved	62-63	no	yes	NA	yes	NA	yes	NA	Rfam.seed.gz	15.1
RF00005__5CCB_N__7EQJ_B	query	RF00005__5CCB_N	RF00005__7EQJ_B	63	64	s35	stack	stack	no	exact_class_preserved	63-64	no	exact_class_preserved	63-64	no	exact_class_preserved	63-64	no	yes	NA	yes	NA	yes	NA	Rfam.seed.gz	15.1
RF00005__5CCB_N__7EQJ_B	query	RF00005__5CCB_N	RF00005__7EQJ_B	64	65	s35	stack	stack	no	exact_class_preserved	64-65	no	exact_class_preserved	64-65	no	exact_class_preserved	64-65	no	yes	NA	yes	NA	yes	NA	Rfam.seed.gz	15.1
RF00005__5CCB_N__7EQJ_B	query	RF00005__5CCB_N	RF00005__7EQJ_B	65	66	s35	stack	stack	no	exact_class_preserved	65-66	no	exact_class_preserved	65-66	no	exact_class_preserved	65-66	no	yes	NA	yes	NA	yes	NA	Rfam.seed.gz	15.1
RF00005__5CCB_N__7EQJ_B	query	RF00005__5CCB_N	RF00005__7EQJ_B	66	67	s35	stack	stack	no	exact_class_preserved	66-67	no	exact_class_preserved	66-67	no	exact_class_preserved	66-67	no	yes	NA	yes	NA	yes	NA	Rfam.seed.gz	15.1
RF00005__5CCB_N__7EQJ_B	query	RF00005__5CCB_N	RF00005__7EQJ_B	67	68	s35	stack	stack	no	exact_class_preserved	67-68	no	exact_class_preserved	67-68	no	exact_class_preserved	67-68	no	yes	NA	yes	NA	yes	NA	Rfam.seed.gz	15.1
RF00005__5CCB_N__7EQJ_B	query	RF00005__5CCB_N	RF00005__7EQJ_B	68	69	s35	stack	stack	no	exact_class_preserved	68-69	no	exact_class_preserved	68-69	no	exact_class_preserved	68-69	no	yes	NA	yes	NA	yes	NA	Rfam.seed.gz	15.1
RF00005__5CCB_N__7EQJ_B	query	RF00005__5CCB_N	RF00005__7EQJ_B	69	70	s35	stack	stack	no	exact_class_preserved	69-70	no	exact_class_preserved	69-70	no	exact_class_preserved	69-70	no	yes	NA	yes	NA	yes	NA	Rfam.seed.gz	15.1
RF00005__5CCB_N__7EQJ_B	query	RF00005__5CCB_N	RF00005__7EQJ_B	70	71	s35	stack	stack	no	exact_class_preserved	70-71	no	exact_class_preserved	70-71	no	exact_class_preserved	70-71	no	yes	NA	yes	NA	yes	NA	Rfam.seed.gz	15.1
RF00005__5CCB_N__7EQJ_B	query	RF00005__5CCB_N	RF00005__7EQJ_B	71	72	s35	stack	stack	no	exact_class_preserved	71-72	no	exact_class_preserved	71-72	no	exact_class_preserved	71-72	no	yes	NA	yes	NA	yes	NA	Rfam.seed.gz	15.1
RF00005__5CCB_N__7EQJ_B	query	RF00005__5CCB_N	RF00005__7EQJ_B	72	73	s35	stack	stack	no	exact_class_preserved	72-73	no	exact_class_preserved	72-73	no	exact_class_preserved	72-73	no	yes	NA	yes	NA	yes	NA	Rfam.seed.gz	15.1
RF00005__5CCB_N__7EQJ_B	target	RF00005__7EQJ_B	RF00005__5CCB_N	1	72	cWW	canonical	basepair	no	exact_class_preserved	1-72	no	exact_class_preserved	1-72	no	exact_class_preserved	1-72	no	yes	NA	yes	NA	yes	NA	Rfam.seed.gz	15.1
RF00005__5CCB_N__7EQJ_B	target	RF00005__7EQJ_B	RF00005__5CCB_N	2	71	cWW	canonical	basepair	no	exact_class_preserved	2-71	no	exact_class_preserved	2-71	no	exact_class_preserved	2-71	no	yes	NA	yes	NA	yes	NA	Rfam.seed.gz	15.1
RF00005__5CCB_N__7EQJ_B	target	RF00005__7EQJ_B	RF00005__5CCB_N	3	70	cWW	canonical	basepair	no	exact_class_preserved	3-70	no	exact_class_preserved	3-70	no	exact_class_preserved	3-70	no	yes	NA	yes	NA	yes	NA	Rfam.seed.gz	15.1
RF00005__5CCB_N__7EQJ_B	target	RF00005__7EQJ_B	RF00005__5CCB_N	4	69	cWW	canonical	basepair	no	exact_class_preserved	4-69	no	exact_class_preserved	4-69	no	exact_class_preserved	4-69	no	yes	NA	yes	NA	yes	NA	Rfam.seed.gz	15.1
RF00005__5CCB_N__7EQJ_B	target	RF00005__7EQJ_B	RF00005__5CCB_N	5	68	cWW	canonical	basepair	no	exact_class_preserved	5-68	no	exact_class_preserved	5-68	no	exact_class_preserved	5-68	no	yes	NA	yes	NA	yes	NA	Rfam.seed.gz	15.1
RF00005__5CCB_N__7EQJ_B	target	RF00005__7EQJ_B	RF00005__5CCB_N	6	67	cWW	canonical	basepair	no	exact_class_preserved	6-67	no	exact_class_preserved	6-67	no	exact_class_preserved	6-67	no	yes	NA	yes	NA	yes	NA	Rfam.seed.gz	15.1
RF00005__5CCB_N__7EQJ_B	target	RF00005__7EQJ_B	RF00005__5CCB_N	7	66	cWW	canonical	basepair	no	exact_class_preserved	7-66	no	exact_class_preserved	7-66	no	exact_class_preserved	7-66	no	yes	NA	yes	NA	yes	NA	Rfam.seed.gz	15.1
RF00005__5CCB_N__7EQJ_B	target	RF00005__7EQJ_B	RF00005__5CCB_N	8	21	tSS	noncanonical	basepair	no	different_class	8-21	no	unmapped_endpoint	8-None	NA	unmapped_endpoint	8-None	NA	no	star3d_forward_unmapped_endpoint	no	star3d_reverse_unmapped_endpoint	no	star3d_forward_unmapped_endpoint	Rfam.seed.gz	15.1
RF00005__5CCB_N__7EQJ_B	target	RF00005__7EQJ_B	RF00005__5CCB_N	8	14	tWH	noncanonical	basepair	no	no_annotated_target_pair	8-14	no	no_annotated_target_pair	8-14	no	no_annotated_target_pair	8-14	no	yes	NA	yes	NA	yes	NA	Rfam.seed.gz	15.1
RF00005__5CCB_N__7EQJ_B	target	RF00005__7EQJ_B	RF00005__5CCB_N	9	23	tHH	noncanonical	basepair	no	exact_class_preserved	9-23	no	exact_class_preserved	9-23	no	exact_class_preserved	9-23	no	yes	NA	yes	NA	yes	NA	Rfam.seed.gz	15.1
RF00005__5CCB_N__7EQJ_B	target	RF00005__7EQJ_B	RF00005__5CCB_N	10	25	cWW	canonical	basepair	no	exact_class_preserved	10-25	no	exact_class_preserved	10-25	no	exact_class_preserved	10-25	no	yes	NA	yes	NA	yes	NA	Rfam.seed.gz	15.1
RF00005__5CCB_N__7EQJ_B	target	RF00005__7EQJ_B	RF00005__5CCB_N	11	24	cWW	canonical	basepair	no	exact_class_preserved	11-24	no	exact_class_preserved	11-24	no	exact_class_preserved	11-24	no	yes	NA	yes	NA	yes	NA	Rfam.seed.gz	15.1
RF00005__5CCB_N__7EQJ_B	target	RF00005__7EQJ_B	RF00005__5CCB_N	12	23	cWW	canonical	basepair	no	exact_class_preserved	12-23	no	exact_class_preserved	12-23	no	exact_class_preserved	12-23	no	yes	NA	yes	NA	yes	NA	Rfam.seed.gz	15.1
RF00005__5CCB_N__7EQJ_B	target	RF00005__7EQJ_B	RF00005__5CCB_N	13	22	cWW	canonical	basepair	no	exact_class_preserved	13-22	no	exact_class_preserved	13-22	no	exact_class_preserved	13-22	no	yes	NA	yes	NA	yes	NA	Rfam.seed.gz	15.1
RF00005__5CCB_N__7EQJ_B	target	RF00005__7EQJ_B	RF00005__5CCB_N	15	48	tWW	noncanonical	basepair	no	no_annotated_target_pair	15-48	no	no_annotated_target_pair	20-48	no	no_annotated_target_pair	20-48	no	yes	NA	yes	NA	yes	NA	Rfam.seed.gz	15.1
RF00005__5CCB_N__7EQJ_B	target	RF00005__7EQJ_B	RF00005__5CCB_N	18	55	tWS	noncanonical	basepair	no	no_annotated_target_pair	18-55	no	unmapped_endpoint	None-56	NA	unmapped_endpoint	None-57	NA	no	star3d_forward_unmapped_endpoint	no	star3d_reverse_unmapped_endpoint	no	star3d_forward_unmapped_endpoint	Rfam.seed.gz	15.1
RF00005__5CCB_N__7EQJ_B	target	RF00005__7EQJ_B	RF00005__5CCB_N	19	56	cWW	canonical	basepair	no	no_annotated_target_pair	19-56	no	unmapped_endpoint	None-57	NA	unmapped_endpoint	None-58	NA	no	star3d_forward_unmapped_endpoint	no	star3d_reverse_unmapped_endpoint	no	star3d_forward_unmapped_endpoint	Rfam.seed.gz	15.1
RF00005__5CCB_N__7EQJ_B	target	RF00005__7EQJ_B	RF00005__5CCB_N	22	46	tHW	noncanonical	basepair	no	exact_class_preserved	22-46	no	exact_class_preserved	22-46	no	exact_class_preserved	22-46	no	yes	NA	yes	NA	yes	NA	Rfam.seed.gz	15.1
RF00005__5CCB_N__7EQJ_B	target	RF00005__7EQJ_B	RF00005__5CCB_N	26	44	cWW	noncanonical	basepair	no	exact_class_preserved	26-44	no	exact_class_preserved	26-44	no	exact_class_preserved	26-44	no	yes	NA	yes	NA	yes	NA	Rfam.seed.gz	15.1
RF00005__5CCB_N__7EQJ_B	target	RF00005__7EQJ_B	RF00005__5CCB_N	27	43	cWW	canonical	basepair	no	exact_class_preserved	27-43	no	exact_class_preserved	27-43	no	exact_class_preserved	27-43	no	yes	NA	yes	NA	yes	NA	Rfam.seed.gz	15.1
RF00005__5CCB_N__7EQJ_B	target	RF00005__7EQJ_B	RF00005__5CCB_N	28	42	cWW	canonical	basepair	no	exact_class_preserved	28-42	no	exact_class_preserved	28-42	no	exact_class_preserved	28-42	no	yes	NA	yes	NA	yes	NA	Rfam.seed.gz	15.1
RF00005__5CCB_N__7EQJ_B	target	RF00005__7EQJ_B	RF00005__5CCB_N	29	41	cWW	canonical	basepair	no	exact_class_preserved	29-41	no	exact_class_preserved	29-41	no	exact_class_preserved	29-41	no	yes	NA	yes	NA	yes	NA	Rfam.seed.gz	15.1
RF00005__5CCB_N__7EQJ_B	target	RF00005__7EQJ_B	RF00005__5CCB_N	30	40	cWW	canonical	basepair	no	exact_class_preserved	30-40	no	exact_class_preserved	30-40	no	exact_class_preserved	30-40	no	yes	NA	yes	NA	yes	NA	Rfam.seed.gz	15.1
RF00005__5CCB_N__7EQJ_B	target	RF00005__7EQJ_B	RF00005__5CCB_N	31	39	cWW	canonical	basepair	no	exact_class_preserved	31-39	no	exact_class_preserved	31-39	no	exact_class_preserved	31-39	no	yes	NA	yes	NA	yes	NA	Rfam.seed.gz	15.1
RF00005__5CCB_N__7EQJ_B	target	RF00005__7EQJ_B	RF00005__5CCB_N	49	65	cWW	canonical	basepair	no	exact_class_preserved	49-65	no	exact_class_preserved	49-65	no	exact_class_preserved	49-65	no	yes	NA	yes	NA	yes	NA	Rfam.seed.gz	15.1
RF00005__5CCB_N__7EQJ_B	target	RF00005__7EQJ_B	RF00005__5CCB_N	50	64	cWW	wobble	basepair	no	exact_class_preserved	50-64	no	exact_class_preserved	50-64	no	exact_class_preserved	50-64	no	yes	NA	yes	NA	yes	NA	Rfam.seed.gz	15.1
RF00005__5CCB_N__7EQJ_B	target	RF00005__7EQJ_B	RF00005__5CCB_N	51	63	cWW	canonical	basepair	no	exact_class_preserved	51-63	no	exact_class_preserved	51-63	no	exact_class_preserved	51-63	no	yes	NA	yes	NA	yes	NA	Rfam.seed.gz	15.1
RF00005__5CCB_N__7EQJ_B	target	RF00005__7EQJ_B	RF00005__5CCB_N	52	62	cWW	canonical	basepair	no	exact_class_preserved	52-62	no	exact_class_preserved	52-62	no	exact_class_preserved	52-62	no	yes	NA	yes	NA	yes	NA	Rfam.seed.gz	15.1
RF00005__5CCB_N__7EQJ_B	target	RF00005__7EQJ_B	RF00005__5CCB_N	53	61	cWW	canonical	basepair	no	exact_class_preserved	53-61	no	exact_class_preserved	53-61	no	exact_class_preserved	53-61	no	yes	NA	yes	NA	yes	NA	Rfam.seed.gz	15.1
RF00005__5CCB_N__7EQJ_B	target	RF00005__7EQJ_B	RF00005__5CCB_N	54	58	tWH	noncanonical	basepair	no	no_annotated_target_pair	54-58	no	unmapped_endpoint	55-None	NA	unmapped_endpoint	56-None	NA	no	star3d_forward_unmapped_endpoint	no	star3d_reverse_unmapped_endpoint	no	star3d_forward_unmapped_endpoint	Rfam.seed.gz	15.1
RF00005__5CCB_N__7EQJ_B	target	RF00005__7EQJ_B	RF00005__5CCB_N	1	2	s35	stack	stack	no	exact_class_preserved	1-2	no	exact_class_preserved	1-2	no	exact_class_preserved	1-2	no	yes	NA	yes	NA	yes	NA	Rfam.seed.gz	15.1
RF00005__5CCB_N__7EQJ_B	target	RF00005__7EQJ_B	RF00005__5CCB_N	1	73	s55	stack	stack	no	exact_class_preserved	1-73	no	exact_class_preserved	1-73	no	exact_class_preserved	1-73	no	yes	NA	yes	NA	yes	NA	Rfam.seed.gz	15.1
RF00005__5CCB_N__7EQJ_B	target	RF00005__7EQJ_B	RF00005__5CCB_N	2	3	s35	stack	stack	no	exact_class_preserved	2-3	no	exact_class_preserved	2-3	no	exact_class_preserved	2-3	no	yes	NA	yes	NA	yes	NA	Rfam.seed.gz	15.1
RF00005__5CCB_N__7EQJ_B	target	RF00005__7EQJ_B	RF00005__5CCB_N	2	72	s55	stack	stack	no	no_annotated_target_pair	2-72	no	no_annotated_target_pair	2-72	no	no_annotated_target_pair	2-72	no	yes	NA	yes	NA	yes	NA	Rfam.seed.gz	15.1
RF00005__5CCB_N__7EQJ_B	target	RF00005__7EQJ_B	RF00005__5CCB_N	3	4	s35	stack	stack	no	exact_class_preserved	3-4	no	exact_class_preserved	3-4	no	exact_class_preserved	3-4	no	yes	NA	yes	NA	yes	NA	Rfam.seed.gz	15.1
RF00005__5CCB_N__7EQJ_B	target	RF00005__7EQJ_B	RF00005__5CCB_N	3	71	s55	stack	stack	no	exact_class_preserved	3-71	no	exact_class_preserved	3-71	no	exact_class_preserved	3-71	no	yes	NA	yes	NA	yes	NA	Rfam.seed.gz	15.1
RF00005__5CCB_N__7EQJ_B	target	RF00005__7EQJ_B	RF00005__5CCB_N	4	5	s35	stack	stack	no	different_class	4-5	no	different_class	4-5	no	different_class	4-5	no	yes	NA	yes	NA	yes	NA	Rfam.seed.gz	15.1
RF00005__5CCB_N__7EQJ_B	target	RF00005__7EQJ_B	RF00005__5CCB_N	5	6	s35	stack	stack	no	exact_class_preserved	5-6	no	exact_class_preserved	5-6	no	exact_class_preserved	5-6	no	yes	NA	yes	NA	yes	NA	Rfam.seed.gz	15.1
RF00005__5CCB_N__7EQJ_B	target	RF00005__7EQJ_B	RF00005__5CCB_N	5	69	s55	stack	stack	no	exact_class_preserved	5-69	no	exact_class_preserved	5-69	no	exact_class_preserved	5-69	no	yes	NA	yes	NA	yes	NA	Rfam.seed.gz	15.1
RF00005__5CCB_N__7EQJ_B	target	RF00005__7EQJ_B	RF00005__5CCB_N	6	68	ns55	stack	stack	no	different_class	6-68	no	different_class	6-68	no	different_class	6-68	no	yes	NA	yes	NA	yes	NA	Rfam.seed.gz	15.1
RF00005__5CCB_N__7EQJ_B	target	RF00005__7EQJ_B	RF00005__5CCB_N	6	7	s35	stack	stack	no	exact_class_preserved	6-7	no	exact_class_preserved	6-7	no	exact_class_preserved	6-7	no	yes	NA	yes	NA	yes	NA	Rfam.seed.gz	15.1
RF00005__5CCB_N__7EQJ_B	target	RF00005__7EQJ_B	RF00005__5CCB_N	7	49	s35	stack	stack	no	exact_class_preserved	7-49	no	exact_class_preserved	7-49	no	exact_class_preserved	7-49	no	yes	NA	yes	NA	yes	NA	Rfam.seed.gz	15.1
RF00005__5CCB_N__7EQJ_B	target	RF00005__7EQJ_B	RF00005__5CCB_N	8	15	ns55	stack	stack	no	no_annotated_target_pair	8-15	no	no_annotated_target_pair	8-20	no	no_annotated_target_pair	8-20	no	yes	NA	yes	NA	yes	NA	Rfam.seed.gz	15.1
RF00005__5CCB_N__7EQJ_B	target	RF00005__7EQJ_B	RF00005__5CCB_N	8	13	s33	stack	stack	no	no_annotated_target_pair	8-13	no	no_annotated_target_pair	8-13	no	no_annotated_target_pair	8-13	no	yes	NA	yes	NA	yes	NA	Rfam.seed.gz	15.1
RF00005__5CCB_N__7EQJ_B	target	RF00005__7EQJ_B	RF00005__5CCB_N	9	45	s33	stack	stack	no	exact_class_preserved	9-45	no	exact_class_preserved	9-45	no	exact_class_preserved	9-45	no	yes	NA	yes	NA	yes	NA	Rfam.seed.gz	15.1
RF00005__5CCB_N__7EQJ_B	target	RF00005__7EQJ_B	RF00005__5CCB_N	9	22	s53	stack	stack	no	no_annotated_target_pair	9-22	no	no_annotated_target_pair	9-22	no	no_annotated_target_pair	9-22	no	yes	NA	yes	NA	yes	NA	Rfam.seed.gz	15.1
RF00005__5CCB_N__7EQJ_B	target	RF00005__7EQJ_B	RF00005__5CCB_N	9	46	s55	stack	stack	no	exact_class_preserved	9-46	no	exact_class_preserved	9-46	no	exact_class_preserved	9-46	no	yes	NA	yes	NA	yes	NA	Rfam.seed.gz	15.1
RF00005__5CCB_N__7EQJ_B	target	RF00005__7EQJ_B	RF00005__5CCB_N	10	11	s35	stack	stack	no	exact_class_preserved	10-11	no	exact_class_preserved	10-11	no	exact_class_preserved	10-11	no	yes	NA	yes	NA	yes	NA	Rfam.seed.gz	15.1
RF00005__5CCB_N__7EQJ_B	target	RF00005__7EQJ_B	RF00005__5CCB_N	10	26	s55	stack	stack	no	different_class	10-26	no	different_class	10-26	no	different_class	10-26	no	yes	NA	yes	NA	yes	NA	Rfam.seed.gz	15.1
RF00005__5CCB_N__7EQJ_B	target	RF00005__7EQJ_B	RF00005__5CCB_N	11	12	s35	stack	stack	no	exact_class_preserved	11-12	no	exact_class_preserved	11-12	no	exact_class_preserved	11-12	no	yes	NA	yes	NA	yes	NA	Rfam.seed.gz	15.1
RF00005__5CCB_N__7EQJ_B	target	RF00005__7EQJ_B	RF00005__5CCB_N	12	13	s35	stack	stack	no	exact_class_preserved	12-13	no	exact_class_preserved	12-13	no	exact_class_preserved	12-13	no	yes	NA	yes	NA	yes	NA	Rfam.seed.gz	15.1
RF00005__5CCB_N__7EQJ_B	target	RF00005__7EQJ_B	RF00005__5CCB_N	12	24	s55	stack	stack	no	exact_class_preserved	12-24	no	exact_class_preserved	12-24	no	exact_class_preserved	12-24	no	yes	NA	yes	NA	yes	NA	Rfam.seed.gz	15.1
RF00005__5CCB_N__7EQJ_B	target	RF00005__7EQJ_B	RF00005__5CCB_N	13	23	s55	stack	stack	no	exact_class_preserved	13-23	no	exact_class_preserved	13-23	no	exact_class_preserved	13-23	no	yes	NA	yes	NA	yes	NA	Rfam.seed.gz	15.1
RF00005__5CCB_N__7EQJ_B	target	RF00005__7EQJ_B	RF00005__5CCB_N	14	15	s35	stack	stack	no	no_annotated_target_pair	14-15	no	different_class	14-20	no	different_class	14-20	no	yes	NA	yes	NA	yes	NA	Rfam.seed.gz	15.1
RF00005__5CCB_N__7EQJ_B	target	RF00005__7EQJ_B	RF00005__5CCB_N	14	22	s55	stack	stack	no	exact_class_preserved	14-22	no	exact_class_preserved	14-22	no	exact_class_preserved	14-22	no	yes	NA	yes	NA	yes	NA	Rfam.seed.gz	15.1
RF00005__5CCB_N__7EQJ_B	target	RF00005__7EQJ_B	RF00005__5CCB_N	15	59	s35	stack	stack	no	no_annotated_target_pair	15-59	no	unmapped_endpoint	20-None	NA	unmapped_endpoint	20-None	NA	no	star3d_forward_unmapped_endpoint	no	star3d_reverse_unmapped_endpoint	no	star3d_forward_unmapped_endpoint	Rfam.seed.gz	15.1
RF00005__5CCB_N__7EQJ_B	target	RF00005__7EQJ_B	RF00005__5CCB_N	18	57	s33	stack	stack	no	no_annotated_target_pair	18-57	no	unmapped_endpoint	None-58	NA	unmapped_endpoint	None-59	NA	no	star3d_forward_unmapped_endpoint	no	star3d_reverse_unmapped_endpoint	no	star3d_forward_unmapped_endpoint	Rfam.seed.gz	15.1
RF00005__5CCB_N__7EQJ_B	target	RF00005__7EQJ_B	RF00005__5CCB_N	18	58	s55	stack	stack	no	no_annotated_target_pair	18-58	no	unmapped_endpoint	None-None	NA	unmapped_endpoint	None-None	NA	no	star3d_forward_unmapped_endpoint	no	star3d_reverse_unmapped_endpoint	no	star3d_forward_unmapped_endpoint	Rfam.seed.gz	15.1
RF00005__5CCB_N__7EQJ_B	target	RF00005__7EQJ_B	RF00005__5CCB_N	19	57	s55	stack	stack	no	no_annotated_target_pair	19-57	no	unmapped_endpoint	None-58	NA	unmapped_endpoint	None-59	NA	no	star3d_forward_unmapped_endpoint	no	star3d_reverse_unmapped_endpoint	no	star3d_forward_unmapped_endpoint	Rfam.seed.gz	15.1
RF00005__5CCB_N__7EQJ_B	target	RF00005__7EQJ_B	RF00005__5CCB_N	21	46	s33	stack	stack	no	exact_class_preserved	21-46	no	unmapped_endpoint	None-46	NA	unmapped_endpoint	None-46	NA	no	star3d_forward_unmapped_endpoint	no	star3d_reverse_unmapped_endpoint	no	star3d_forward_unmapped_endpoint	Rfam.seed.gz	15.1
RF00005__5CCB_N__7EQJ_B	target	RF00005__7EQJ_B	RF00005__5CCB_N	21	48	s55	stack	stack	no	exact_class_preserved	21-48	no	unmapped_endpoint	None-48	NA	unmapped_endpoint	None-48	NA	no	star3d_forward_unmapped_endpoint	no	star3d_reverse_unmapped_endpoint	no	star3d_forward_unmapped_endpoint	Rfam.seed.gz	15.1
RF00005__5CCB_N__7EQJ_B	target	RF00005__7EQJ_B	RF00005__5CCB_N	22	23	s35	stack	stack	no	exact_class_preserved	22-23	no	exact_class_preserved	22-23	no	exact_class_preserved	22-23	no	yes	NA	yes	NA	yes	NA	Rfam.seed.gz	15.1
RF00005__5CCB_N__7EQJ_B	target	RF00005__7EQJ_B	RF00005__5CCB_N	23	24	s35	stack	stack	no	exact_class_preserved	23-24	no	exact_class_preserved	23-24	no	exact_class_preserved	23-24	no	yes	NA	yes	NA	yes	NA	Rfam.seed.gz	15.1
RF00005__5CCB_N__7EQJ_B	target	RF00005__7EQJ_B	RF00005__5CCB_N	24	25	s35	stack	stack	no	exact_class_preserved	24-25	no	exact_class_preserved	24-25	no	exact_class_preserved	24-25	no	yes	NA	yes	NA	yes	NA	Rfam.seed.gz	15.1
RF00005__5CCB_N__7EQJ_B	target	RF00005__7EQJ_B	RF00005__5CCB_N	25	26	s35	stack	stack	no	exact_class_preserved	25-26	no	exact_class_preserved	25-26	no	exact_class_preserved	25-26	no	yes	NA	yes	NA	yes	NA	Rfam.seed.gz	15.1
RF00005__5CCB_N__7EQJ_B	target	RF00005__7EQJ_B	RF00005__5CCB_N	26	45	ns55	stack	stack	no	no_annotated_target_pair	26-45	no	no_annotated_target_pair	26-45	no	no_annotated_target_pair	26-45	no	yes	NA	yes	NA	yes	NA	Rfam.seed.gz	15.1
RF00005__5CCB_N__7EQJ_B	target	RF00005__7EQJ_B	RF00005__5CCB_N	26	27	s35	stack	stack	no	exact_class_preserved	26-27	no	exact_class_preserved	26-27	no	exact_class_preserved	26-27	no	yes	NA	yes	NA	yes	NA	Rfam.seed.gz	15.1
RF00005__5CCB_N__7EQJ_B	target	RF00005__7EQJ_B	RF00005__5CCB_N	27	44	ns55	stack	stack	no	exact_class_preserved	27-44	no	exact_class_preserved	27-44	no	exact_class_preserved	27-44	no	yes	NA	yes	NA	yes	NA	Rfam.seed.gz	15.1
RF00005__5CCB_N__7EQJ_B	target	RF00005__7EQJ_B	RF00005__5CCB_N	27	28	s35	stack	stack	no	exact_class_preserved	27-28	no	exact_class_preserved	27-28	no	exact_class_preserved	27-28	no	yes	NA	yes	NA	yes	NA	Rfam.seed.gz	15.1
RF00005__5CCB_N__7EQJ_B	target	RF00005__7EQJ_B	RF00005__5CCB_N	28	29	s35	stack	stack	no	exact_class_preserved	28-29	no	exact_class_preserved	28-29	no	exact_class_preserved	28-29	no	yes	NA	yes	NA	yes	NA	Rfam.seed.gz	15.1
RF00005__5CCB_N__7EQJ_B	target	RF00005__7EQJ_B	RF00005__5CCB_N	28	43	s55	stack	stack	no	no_annotated_target_pair	28-43	no	no_annotated_target_pair	28-43	no	no_annotated_target_pair	28-43	no	yes	NA	yes	NA	yes	NA	Rfam.seed.gz	15.1
RF00005__5CCB_N__7EQJ_B	target	RF00005__7EQJ_B	RF00005__5CCB_N	29	30	s35	stack	stack	no	exact_class_preserved	29-30	no	exact_class_preserved	29-30	no	exact_class_preserved	29-30	no	yes	NA	yes	NA	yes	NA	Rfam.seed.gz	15.1
RF00005__5CCB_N__7EQJ_B	target	RF00005__7EQJ_B	RF00005__5CCB_N	29	42	s55	stack	stack	no	exact_class_preserved	29-42	no	exact_class_preserved	29-42	no	exact_class_preserved	29-42	no	yes	NA	yes	NA	yes	NA	Rfam.seed.gz	15.1
RF00005__5CCB_N__7EQJ_B	target	RF00005__7EQJ_B	RF00005__5CCB_N	30	41	ns55	stack	stack	no	different_class	30-41	no	different_class	30-41	no	different_class	30-41	no	yes	NA	yes	NA	yes	NA	Rfam.seed.gz	15.1
RF00005__5CCB_N__7EQJ_B	target	RF00005__7EQJ_B	RF00005__5CCB_N	30	31	s35	stack	stack	no	exact_class_preserved	30-31	no	exact_class_preserved	30-31	no	exact_class_preserved	30-31	no	yes	NA	yes	NA	yes	NA	Rfam.seed.gz	15.1
RF00005__5CCB_N__7EQJ_B	target	RF00005__7EQJ_B	RF00005__5CCB_N	31	32	s35	stack	stack	no	exact_class_preserved	31-32	no	exact_class_preserved	31-32	no	exact_class_preserved	31-32	no	yes	NA	yes	NA	yes	NA	Rfam.seed.gz	15.1
RF00005__5CCB_N__7EQJ_B	target	RF00005__7EQJ_B	RF00005__5CCB_N	31	40	s55	stack	stack	no	no_annotated_target_pair	31-40	no	no_annotated_target_pair	31-40	no	no_annotated_target_pair	31-40	no	yes	NA	yes	NA	yes	NA	Rfam.seed.gz	15.1
RF00005__5CCB_N__7EQJ_B	target	RF00005__7EQJ_B	RF00005__5CCB_N	32	33	s35	stack	stack	no	exact_class_preserved	32-33	no	exact_class_preserved	32-33	no	exact_class_preserved	32-33	no	yes	NA	yes	NA	yes	NA	Rfam.seed.gz	15.1
RF00005__5CCB_N__7EQJ_B	target	RF00005__7EQJ_B	RF00005__5CCB_N	32	39	s55	stack	stack	no	no_annotated_target_pair	32-39	no	no_annotated_target_pair	32-39	no	no_annotated_target_pair	32-39	no	yes	NA	yes	NA	yes	NA	Rfam.seed.gz	15.1
RF00005__5CCB_N__7EQJ_B	target	RF00005__7EQJ_B	RF00005__5CCB_N	34	35	s35	stack	stack	no	no_annotated_target_pair	34-35	no	no_annotated_target_pair	34-35	no	no_annotated_target_pair	34-35	no	yes	NA	yes	NA	yes	NA	Rfam.seed.gz	15.1
RF00005__5CCB_N__7EQJ_B	target	RF00005__7EQJ_B	RF00005__5CCB_N	35	36	s35	stack	stack	no	no_annotated_target_pair	35-36	no	no_annotated_target_pair	35-36	no	no_annotated_target_pair	35-36	no	yes	NA	yes	NA	yes	NA	Rfam.seed.gz	15.1
RF00005__5CCB_N__7EQJ_B	target	RF00005__7EQJ_B	RF00005__5CCB_N	36	37	s35	stack	stack	no	no_annotated_target_pair	36-37	no	no_annotated_target_pair	36-37	no	no_annotated_target_pair	36-37	no	yes	NA	yes	NA	yes	NA	Rfam.seed.gz	15.1
RF00005__5CCB_N__7EQJ_B	target	RF00005__7EQJ_B	RF00005__5CCB_N	37	38	s35	stack	stack	no	exact_class_preserved	37-38	no	exact_class_preserved	37-38	no	exact_class_preserved	37-38	no	yes	NA	yes	NA	yes	NA	Rfam.seed.gz	15.1
RF00005__5CCB_N__7EQJ_B	target	RF00005__7EQJ_B	RF00005__5CCB_N	38	39	s35	stack	stack	no	exact_class_preserved	38-39	no	exact_class_preserved	38-39	no	exact_class_preserved	38-39	no	yes	NA	yes	NA	yes	NA	Rfam.seed.gz	15.1
RF00005__5CCB_N__7EQJ_B	target	RF00005__7EQJ_B	RF00005__5CCB_N	39	40	s35	stack	stack	no	exact_class_preserved	39-40	no	exact_class_preserved	39-40	no	exact_class_preserved	39-40	no	yes	NA	yes	NA	yes	NA	Rfam.seed.gz	15.1
RF00005__5CCB_N__7EQJ_B	target	RF00005__7EQJ_B	RF00005__5CCB_N	40	41	s35	stack	stack	no	exact_class_preserved	40-41	no	exact_class_preserved	40-41	no	exact_class_preserved	40-41	no	yes	NA	yes	NA	yes	NA	Rfam.seed.gz	15.1
RF00005__5CCB_N__7EQJ_B	target	RF00005__7EQJ_B	RF00005__5CCB_N	41	42	s35	stack	stack	no	exact_class_preserved	41-42	no	exact_class_preserved	41-42	no	exact_class_preserved	41-42	no	yes	NA	yes	NA	yes	NA	Rfam.seed.gz	15.1
RF00005__5CCB_N__7EQJ_B	target	RF00005__7EQJ_B	RF00005__5CCB_N	42	43	s35	stack	stack	no	exact_class_preserved	42-43	no	exact_class_preserved	42-43	no	exact_class_preserved	42-43	no	yes	NA	yes	NA	yes	NA	Rfam.seed.gz	15.1
RF00005__5CCB_N__7EQJ_B	target	RF00005__7EQJ_B	RF00005__5CCB_N	43	44	s35	stack	stack	no	exact_class_preserved	43-44	no	exact_class_preserved	43-44	no	exact_class_preserved	43-44	no	yes	NA	yes	NA	yes	NA	Rfam.seed.gz	15.1
RF00005__5CCB_N__7EQJ_B	target	RF00005__7EQJ_B	RF00005__5CCB_N	44	45	s35	stack	stack	no	exact_class_preserved	44-45	no	exact_class_preserved	44-45	no	exact_class_preserved	44-45	no	yes	NA	yes	NA	yes	NA	Rfam.seed.gz	15.1
RF00005__5CCB_N__7EQJ_B	target	RF00005__7EQJ_B	RF00005__5CCB_N	48	59	ns35	stack	stack	no	no_annotated_target_pair	48-59	no	unmapped_endpoint	48-None	NA	unmapped_endpoint	48-None	NA	no	star3d_forward_unmapped_endpoint	no	star3d_reverse_unmapped_endpoint	no	star3d_forward_unmapped_endpoint	Rfam.seed.gz	15.1
RF00005__5CCB_N__7EQJ_B	target	RF00005__7EQJ_B	RF00005__5CCB_N	49	50	s35	stack	stack	no	exact_class_preserved	49-50	no	exact_class_preserved	49-50	no	exact_class_preserved	49-50	no	yes	NA	yes	NA	yes	NA	Rfam.seed.gz	15.1
RF00005__5CCB_N__7EQJ_B	target	RF00005__7EQJ_B	RF00005__5CCB_N	49	66	s55	stack	stack	no	no_annotated_target_pair	49-66	no	no_annotated_target_pair	49-66	no	no_annotated_target_pair	49-66	no	yes	NA	yes	NA	yes	NA	Rfam.seed.gz	15.1
RF00005__5CCB_N__7EQJ_B	target	RF00005__7EQJ_B	RF00005__5CCB_N	50	51	s35	stack	stack	no	exact_class_preserved	50-51	no	exact_class_preserved	50-51	no	exact_class_preserved	50-51	no	yes	NA	yes	NA	yes	NA	Rfam.seed.gz	15.1
RF00005__5CCB_N__7EQJ_B	target	RF00005__7EQJ_B	RF00005__5CCB_N	50	65	s55	stack	stack	no	exact_class_preserved	50-65	no	exact_class_preserved	50-65	no	exact_class_preserved	50-65	no	yes	NA	yes	NA	yes	NA	Rfam.seed.gz	15.1
RF00005__5CCB_N__7EQJ_B	target	RF00005__7EQJ_B	RF00005__5CCB_N	51	52	s35	stack	stack	no	exact_class_preserved	51-52	no	exact_class_preserved	51-52	no	exact_class_preserved	51-52	no	yes	NA	yes	NA	yes	NA	Rfam.seed.gz	15.1
RF00005__5CCB_N__7EQJ_B	target	RF00005__7EQJ_B	RF00005__5CCB_N	52	53	s35	stack	stack	no	exact_class_preserved	52-53	no	exact_class_preserved	52-53	no	exact_class_preserved	52-53	no	yes	NA	yes	NA	yes	NA	Rfam.seed.gz	15.1
RF00005__5CCB_N__7EQJ_B	target	RF00005__7EQJ_B	RF00005__5CCB_N	52	63	s55	stack	stack	no	exact_class_preserved	52-63	no	exact_class_preserved	52-63	no	exact_class_preserved	52-63	no	yes	NA	yes	NA	yes	NA	Rfam.seed.gz	15.1
RF00005__5CCB_N__7EQJ_B	target	RF00005__7EQJ_B	RF00005__5CCB_N	53	54	s35	stack	stack	no	exact_class_preserved	53-54	no	no_annotated_target_pair	53-55	no	no_annotated_target_pair	53-56	no	yes	NA	yes	NA	yes	NA	Rfam.seed.gz	15.1
RF00005__5CCB_N__7EQJ_B	target	RF00005__7EQJ_B	RF00005__5CCB_N	53	62	s55	stack	stack	no	exact_class_preserved	53-62	no	exact_class_preserved	53-62	no	exact_class_preserved	53-62	no	yes	NA	yes	NA	yes	NA	Rfam.seed.gz	15.1
RF00005__5CCB_N__7EQJ_B	target	RF00005__7EQJ_B	RF00005__5CCB_N	54	55	s35	stack	stack	no	different_class	54-55	no	no_annotated_target_pair	55-56	no	no_annotated_target_pair	56-57	no	yes	NA	yes	NA	yes	NA	Rfam.seed.gz	15.1
RF00005__5CCB_N__7EQJ_B	target	RF00005__7EQJ_B	RF00005__5CCB_N	56	57	s35	stack	stack	no	no_annotated_target_pair	56-57	no	no_annotated_target_pair	57-58	no	no_annotated_target_pair	58-59	no	yes	NA	yes	NA	yes	NA	Rfam.seed.gz	15.1
RF00005__5CCB_N__7EQJ_B	target	RF00005__7EQJ_B	RF00005__5CCB_N	58	61	s35	stack	stack	no	no_annotated_target_pair	58-61	no	unmapped_endpoint	None-61	NA	unmapped_endpoint	None-61	NA	no	star3d_forward_unmapped_endpoint	no	star3d_reverse_unmapped_endpoint	no	star3d_forward_unmapped_endpoint	Rfam.seed.gz	15.1
RF00005__5CCB_N__7EQJ_B	target	RF00005__7EQJ_B	RF00005__5CCB_N	59	60	s35	stack	stack	no	no_annotated_target_pair	59-60	no	unmapped_endpoint	None-None	NA	unmapped_endpoint	None-None	NA	no	star3d_forward_unmapped_endpoint	no	star3d_reverse_unmapped_endpoint	no	star3d_forward_unmapped_endpoint	Rfam.seed.gz	15.1
RF00005__5CCB_N__7EQJ_B	target	RF00005__7EQJ_B	RF00005__5CCB_N	61	62	s35	stack	stack	no	exact_class_preserved	61-62	no	exact_class_preserved	61-62	no	exact_class_preserved	61-62	no	yes	NA	yes	NA	yes	NA	Rfam.seed.gz	15.1
RF00005__5CCB_N__7EQJ_B	target	RF00005__7EQJ_B	RF00005__5CCB_N	62	63	s35	stack	stack	no	exact_class_preserved	62-63	no	exact_class_preserved	62-63	no	exact_class_preserved	62-63	no	yes	NA	yes	NA	yes	NA	Rfam.seed.gz	15.1
RF00005__5CCB_N__7EQJ_B	target	RF00005__7EQJ_B	RF00005__5CCB_N	63	64	s35	stack	stack	no	exact_class_preserved	63-64	no	exact_class_preserved	63-64	no	exact_class_preserved	63-64	no	yes	NA	yes	NA	yes	NA	Rfam.seed.gz	15.1
RF00005__5CCB_N__7EQJ_B	target	RF00005__7EQJ_B	RF00005__5CCB_N	64	65	s35	stack	stack	no	exact_class_preserved	64-65	no	exact_class_preserved	64-65	no	exact_class_preserved	64-65	no	yes	NA	yes	NA	yes	NA	Rfam.seed.gz	15.1
RF00005__5CCB_N__7EQJ_B	target	RF00005__7EQJ_B	RF00005__5CCB_N	65	66	s35	stack	stack	no	exact_class_preserved	65-66	no	exact_class_preserved	65-66	no	exact_class_preserved	65-66	no	yes	NA	yes	NA	yes	NA	Rfam.seed.gz	15.1
RF00005__5CCB_N__7EQJ_B	target	RF00005__7EQJ_B	RF00005__5CCB_N	66	67	s35	stack	stack	no	exact_class_preserved	66-67	no	exact_class_preserved	66-67	no	exact_class_preserved	66-67	no	yes	NA	yes	NA	yes	NA	Rfam.seed.gz	15.1
RF00005__5CCB_N__7EQJ_B	target	RF00005__7EQJ_B	RF00005__5CCB_N	67	68	s35	stack	stack	no	exact_class_preserved	67-68	no	exact_class_preserved	67-68	no	exact_class_preserved	67-68	no	yes	NA	yes	NA	yes	NA	Rfam.seed.gz	15.1
RF00005__5CCB_N__7EQJ_B	target	RF00005__7EQJ_B	RF00005__5CCB_N	68	69	s35	stack	stack	no	exact_class_preserved	68-69	no	exact_class_preserved	68-69	no	exact_class_preserved	68-69	no	yes	NA	yes	NA	yes	NA	Rfam.seed.gz	15.1
RF00005__5CCB_N__7EQJ_B	target	RF00005__7EQJ_B	RF00005__5CCB_N	69	70	s35	stack	stack	no	exact_class_preserved	69-70	no	exact_class_preserved	69-70	no	exact_class_preserved	69-70	no	yes	NA	yes	NA	yes	NA	Rfam.seed.gz	15.1
RF00005__5CCB_N__7EQJ_B	target	RF00005__7EQJ_B	RF00005__5CCB_N	70	71	s35	stack	stack	no	exact_class_preserved	70-71	no	exact_class_preserved	70-71	no	exact_class_preserved	70-71	no	yes	NA	yes	NA	yes	NA	Rfam.seed.gz	15.1
RF00005__5CCB_N__7EQJ_B	target	RF00005__7EQJ_B	RF00005__5CCB_N	71	72	s35	stack	stack	no	exact_class_preserved	71-72	no	exact_class_preserved	71-72	no	exact_class_preserved	71-72	no	yes	NA	yes	NA	yes	NA	Rfam.seed.gz	15.1
RF00005__5CCB_N__7EQJ_B	target	RF00005__7EQJ_B	RF00005__5CCB_N	72	73	s35	stack	stack	no	exact_class_preserved	72-73	no	exact_class_preserved	72-73	no	exact_class_preserved	72-73	no	yes	NA	yes	NA	yes	NA	Rfam.seed.gz	15.1
