pair_id	rfam_acc	original_column	ss_cons	row_A	row_A_index	row_A_nt	row_B	row_B_index	row_B_nt	A_label_seq_id	A_auth	B_label_seq_id	B_auth	A_status	B_status	structural_assessability	reference_source	rfam_release	seed_sha256
RF00005__5CCB_N__7EQJ_B	RF00005	1	(	AP000442.6/2022-1950	1	G	X17321.1/66-138	1	G	2	N:1	1	B:1	assessable	assessable	assessable	Rfam.seed.gz	15.1	41f014f4ab5628620935f089b1bb77987ebc162fda7c72bff368a32c9cccabac
RF00005__5CCB_N__7EQJ_B	RF00005	2	(	AP000442.6/2022-1950	2	C	X17321.1/66-138	2	G	3	N:2	2	B:2	assessable	assessable	assessable	Rfam.seed.gz	15.1	41f014f4ab5628620935f089b1bb77987ebc162fda7c72bff368a32c9cccabac
RF00005__5CCB_N__7EQJ_B	RF00005	3	(	AP000442.6/2022-1950	3	C	X17321.1/66-138	3	G	4	N:3	3	B:3	assessable	assessable	assessable	Rfam.seed.gz	15.1	41f014f4ab5628620935f089b1bb77987ebc162fda7c72bff368a32c9cccabac
RF00005__5CCB_N__7EQJ_B	RF00005	4	(	AP000442.6/2022-1950	4	C	X17321.1/66-138	4	U	5	N:4	4	B:4	assessable	assessable	assessable	Rfam.seed.gz	15.1	41f014f4ab5628620935f089b1bb77987ebc162fda7c72bff368a32c9cccabac
RF00005__5CCB_N__7EQJ_B	RF00005	5	(	AP000442.6/2022-1950	5	G	X17321.1/66-138	5	G	6	N:5	5	B:5	assessable	assessable	assessable	Rfam.seed.gz	15.1	41f014f4ab5628620935f089b1bb77987ebc162fda7c72bff368a32c9cccabac
RF00005__5CCB_N__7EQJ_B	RF00005	6	(	AP000442.6/2022-1950	6	G	X17321.1/66-138	6	A	7	N:6	6	B:6	assessable	assessable	assessable	Rfam.seed.gz	15.1	41f014f4ab5628620935f089b1bb77987ebc162fda7c72bff368a32c9cccabac
RF00005__5CCB_N__7EQJ_B	RF00005	7	(	AP000442.6/2022-1950	7	A	X17321.1/66-138	7	U	8	N:7	7	B:7	assessable	assessable	assessable	Rfam.seed.gz	15.1	41f014f4ab5628620935f089b1bb77987ebc162fda7c72bff368a32c9cccabac
RF00005__5CCB_N__7EQJ_B	RF00005	8	,	AP000442.6/2022-1950	8	U	X17321.1/66-138	8	U	9	N:8	8	B:8	assessable	assessable	assessable	Rfam.seed.gz	15.1	41f014f4ab5628620935f089b1bb77987ebc162fda7c72bff368a32c9cccabac
RF00005__5CCB_N__7EQJ_B	RF00005	10	,	AP000442.6/2022-1950	9	A	X17321.1/66-138	9	A	10	N:9	9	B:9	assessable	assessable	assessable	Rfam.seed.gz	15.1	41f014f4ab5628620935f089b1bb77987ebc162fda7c72bff368a32c9cccabac
RF00005__5CCB_N__7EQJ_B	RF00005	12	<	AP000442.6/2022-1950	10	G	X17321.1/66-138	10	G	11	N:10	10	B:10	assessable	assessable	assessable	Rfam.seed.gz	15.1	41f014f4ab5628620935f089b1bb77987ebc162fda7c72bff368a32c9cccabac
RF00005__5CCB_N__7EQJ_B	RF00005	13	<	AP000442.6/2022-1950	11	C	X17321.1/66-138	11	C	12	N:11	11	B:11	assessable	assessable	assessable	Rfam.seed.gz	15.1	41f014f4ab5628620935f089b1bb77987ebc162fda7c72bff368a32c9cccabac
RF00005__5CCB_N__7EQJ_B	RF00005	14	<	AP000442.6/2022-1950	12	U	X17321.1/66-138	12	U	13	N:12	12	B:12	assessable	assessable	assessable	Rfam.seed.gz	15.1	41f014f4ab5628620935f089b1bb77987ebc162fda7c72bff368a32c9cccabac
RF00005__5CCB_N__7EQJ_B	RF00005	15	<	AP000442.6/2022-1950	13	C	X17321.1/66-138	13	C	14	N:13	13	B:13	assessable	assessable	assessable	Rfam.seed.gz	15.1	41f014f4ab5628620935f089b1bb77987ebc162fda7c72bff368a32c9cccabac
RF00005__5CCB_N__7EQJ_B	RF00005	16	_	AP000442.6/2022-1950	14	A	X17321.1/66-138	14	A	15	N:14	14	B:14	assessable	assessable	assessable	Rfam.seed.gz	15.1	41f014f4ab5628620935f089b1bb77987ebc162fda7c72bff368a32c9cccabac
RF00005__5CCB_N__7EQJ_B	RF00005	17	_	AP000442.6/2022-1950	15	G	X17321.1/66-138	15	G	16	N:15	15	B:15	assessable	assessable	assessable	Rfam.seed.gz	15.1	41f014f4ab5628620935f089b1bb77987ebc162fda7c72bff368a32c9cccabac
RF00005__5CCB_N__7EQJ_B	RF00005	18	_	AP000442.6/2022-1950	16	U	X17321.1/66-138	16	C	17	N:16	16	B:16	assessable	assessable	assessable	Rfam.seed.gz	15.1	41f014f4ab5628620935f089b1bb77987ebc162fda7c72bff368a32c9cccabac
RF00005__5CCB_N__7EQJ_B	RF00005	19	.	AP000442.6/2022-1950	17	C	X17321.1/66-138	17	U	18	N:17	17	B:17	assessable	assessable	assessable	Rfam.seed.gz	15.1	41f014f4ab5628620935f089b1bb77987ebc162fda7c72bff368a32c9cccabac
RF00005__5CCB_N__7EQJ_B	RF00005	22	_	AP000442.6/2022-1950	18	G	X17321.1/66-138	18	G	19	N:18	18	B:18	assessable	assessable	assessable	Rfam.seed.gz	15.1	41f014f4ab5628620935f089b1bb77987ebc162fda7c72bff368a32c9cccabac
RF00005__5CCB_N__7EQJ_B	RF00005	23	_	AP000442.6/2022-1950	19	G	X17321.1/66-138	19	G	20	N:19	19	B:19	assessable	assessable	assessable	Rfam.seed.gz	15.1	41f014f4ab5628620935f089b1bb77987ebc162fda7c72bff368a32c9cccabac
RF00005__5CCB_N__7EQJ_B	RF00005	24	_	AP000442.6/2022-1950	20	U	X17321.1/66-138	20	G	21	N:20	20	B:20	assessable	assessable	assessable	Rfam.seed.gz	15.1	41f014f4ab5628620935f089b1bb77987ebc162fda7c72bff368a32c9cccabac
RF00005__5CCB_N__7EQJ_B	RF00005	28	_	AP000442.6/2022-1950	21	A	X17321.1/66-138	21	A	22	N:21	21	B:21	assessable	assessable	assessable	Rfam.seed.gz	15.1	41f014f4ab5628620935f089b1bb77987ebc162fda7c72bff368a32c9cccabac
RF00005__5CCB_N__7EQJ_B	RF00005	29	>	AP000442.6/2022-1950	22	G	X17321.1/66-138	22	G	23	N:22	22	B:22	assessable	assessable	assessable	Rfam.seed.gz	15.1	41f014f4ab5628620935f089b1bb77987ebc162fda7c72bff368a32c9cccabac
RF00005__5CCB_N__7EQJ_B	RF00005	30	>	AP000442.6/2022-1950	23	A	X17321.1/66-138	23	A	24	N:23	23	B:23	assessable	assessable	assessable	Rfam.seed.gz	15.1	41f014f4ab5628620935f089b1bb77987ebc162fda7c72bff368a32c9cccabac
RF00005__5CCB_N__7EQJ_B	RF00005	31	>	AP000442.6/2022-1950	24	G	X17321.1/66-138	24	G	25	N:24	24	B:24	assessable	assessable	assessable	Rfam.seed.gz	15.1	41f014f4ab5628620935f089b1bb77987ebc162fda7c72bff368a32c9cccabac
RF00005__5CCB_N__7EQJ_B	RF00005	32	>	AP000442.6/2022-1950	25	C	X17321.1/66-138	25	C	26	N:25	25	B:25	assessable	assessable	assessable	Rfam.seed.gz	15.1	41f014f4ab5628620935f089b1bb77987ebc162fda7c72bff368a32c9cccabac
RF00005__5CCB_N__7EQJ_B	RF00005	33	,	AP000442.6/2022-1950	26	A	X17321.1/66-138	26	A	27	N:26	26	B:26	assessable	assessable	assessable	Rfam.seed.gz	15.1	41f014f4ab5628620935f089b1bb77987ebc162fda7c72bff368a32c9cccabac
RF00005__5CCB_N__7EQJ_B	RF00005	35	<	AP000442.6/2022-1950	27	U	X17321.1/66-138	27	C	28	N:27	27	B:27	assessable	assessable	assessable	Rfam.seed.gz	15.1	41f014f4ab5628620935f089b1bb77987ebc162fda7c72bff368a32c9cccabac
RF00005__5CCB_N__7EQJ_B	RF00005	37	<	AP000442.6/2022-1950	28	C	X17321.1/66-138	28	C	29	N:28	28	B:28	assessable	assessable	assessable	Rfam.seed.gz	15.1	41f014f4ab5628620935f089b1bb77987ebc162fda7c72bff368a32c9cccabac
RF00005__5CCB_N__7EQJ_B	RF00005	38	<	AP000442.6/2022-1950	29	A	X17321.1/66-138	29	U	30	N:29	29	B:29	assessable	assessable	assessable	Rfam.seed.gz	15.1	41f014f4ab5628620935f089b1bb77987ebc162fda7c72bff368a32c9cccabac
RF00005__5CCB_N__7EQJ_B	RF00005	39	<	AP000442.6/2022-1950	30	G	X17321.1/66-138	30	C	31	N:30	30	B:30	assessable	assessable	assessable	Rfam.seed.gz	15.1	41f014f4ab5628620935f089b1bb77987ebc162fda7c72bff368a32c9cccabac
RF00005__5CCB_N__7EQJ_B	RF00005	40	<	AP000442.6/2022-1950	31	A	X17321.1/66-138	31	C	32	N:31	31	B:31	assessable	assessable	assessable	Rfam.seed.gz	15.1	41f014f4ab5628620935f089b1bb77987ebc162fda7c72bff368a32c9cccabac
RF00005__5CCB_N__7EQJ_B	RF00005	41	_	AP000442.6/2022-1950	32	C	X17321.1/66-138	32	C	33	N:32	32	B:32	assessable	assessable	assessable	Rfam.seed.gz	15.1	41f014f4ab5628620935f089b1bb77987ebc162fda7c72bff368a32c9cccabac
RF00005__5CCB_N__7EQJ_B	RF00005	43	_	AP000442.6/2022-1950	33	U	X17321.1/66-138	33	U	34	N:33	33	B:33	assessable	assessable	assessable	Rfam.seed.gz	15.1	41f014f4ab5628620935f089b1bb77987ebc162fda7c72bff368a32c9cccabac
RF00005__5CCB_N__7EQJ_B	RF00005	44	_	AP000442.6/2022-1950	34	U	X17321.1/66-138	34	U	35	N:34	34	B:34	assessable	assessable	assessable	Rfam.seed.gz	15.1	41f014f4ab5628620935f089b1bb77987ebc162fda7c72bff368a32c9cccabac
RF00005__5CCB_N__7EQJ_B	RF00005	45	_	AP000442.6/2022-1950	35	U	X17321.1/66-138	35	A	36	N:35	35	B:35	assessable	assessable	assessable	Rfam.seed.gz	15.1	41f014f4ab5628620935f089b1bb77987ebc162fda7c72bff368a32c9cccabac
RF00005__5CCB_N__7EQJ_B	RF00005	46	_	AP000442.6/2022-1950	36	U	X17321.1/66-138	36	C	37	N:36	36	B:36	assessable	assessable	assessable	Rfam.seed.gz	15.1	41f014f4ab5628620935f089b1bb77987ebc162fda7c72bff368a32c9cccabac
RF00005__5CCB_N__7EQJ_B	RF00005	47	_	AP000442.6/2022-1950	37	A	X17321.1/66-138	37	A	38	N:37	37	B:37	assessable	assessable	assessable	Rfam.seed.gz	15.1	41f014f4ab5628620935f089b1bb77987ebc162fda7c72bff368a32c9cccabac
RF00005__5CCB_N__7EQJ_B	RF00005	48	_	AP000442.6/2022-1950	38	A	X17321.1/66-138	38	A	39	N:38	38	B:38	assessable	assessable	assessable	Rfam.seed.gz	15.1	41f014f4ab5628620935f089b1bb77987ebc162fda7c72bff368a32c9cccabac
RF00005__5CCB_N__7EQJ_B	RF00005	49	>	AP000442.6/2022-1950	39	U	X17321.1/66-138	39	G	40	N:39	39	B:39	assessable	assessable	assessable	Rfam.seed.gz	15.1	41f014f4ab5628620935f089b1bb77987ebc162fda7c72bff368a32c9cccabac
RF00005__5CCB_N__7EQJ_B	RF00005	50	>	AP000442.6/2022-1950	40	C	X17321.1/66-138	40	G	41	N:40	40	B:40	assessable	assessable	assessable	Rfam.seed.gz	15.1	41f014f4ab5628620935f089b1bb77987ebc162fda7c72bff368a32c9cccabac
RF00005__5CCB_N__7EQJ_B	RF00005	51	>	AP000442.6/2022-1950	41	U	X17321.1/66-138	41	A	42	N:41	41	B:41	assessable	assessable	assessable	Rfam.seed.gz	15.1	41f014f4ab5628620935f089b1bb77987ebc162fda7c72bff368a32c9cccabac
RF00005__5CCB_N__7EQJ_B	RF00005	52	>	AP000442.6/2022-1950	42	G	X17321.1/66-138	42	G	43	N:42	42	B:42	assessable	assessable	assessable	Rfam.seed.gz	15.1	41f014f4ab5628620935f089b1bb77987ebc162fda7c72bff368a32c9cccabac
RF00005__5CCB_N__7EQJ_B	RF00005	54	>	AP000442.6/2022-1950	43	A	X17321.1/66-138	43	G	44	N:43	43	B:43	assessable	assessable	assessable	Rfam.seed.gz	15.1	41f014f4ab5628620935f089b1bb77987ebc162fda7c72bff368a32c9cccabac
RF00005__5CCB_N__7EQJ_B	RF00005	55	,	AP000442.6/2022-1950	44	G	X17321.1/66-138	44	G	45	N:44	44	B:44	assessable	assessable	assessable	Rfam.seed.gz	15.1	41f014f4ab5628620935f089b1bb77987ebc162fda7c72bff368a32c9cccabac
RF00005__5CCB_N__7EQJ_B	RF00005	56	,	AP000442.6/2022-1950	45	G	X17321.1/66-138	45	G	46	N:45	45	B:45	assessable	assessable	assessable	Rfam.seed.gz	15.1	41f014f4ab5628620935f089b1bb77987ebc162fda7c72bff368a32c9cccabac
RF00005__5CCB_N__7EQJ_B	RF00005	81	,	AP000442.6/2022-1950	46	G	X17321.1/66-138	46	G	47	N:46	46	B:46	assessable	assessable	assessable	Rfam.seed.gz	15.1	41f014f4ab5628620935f089b1bb77987ebc162fda7c72bff368a32c9cccabac
RF00005__5CCB_N__7EQJ_B	RF00005	82	.	AP000442.6/2022-1950	47	U	X17321.1/66-138	47	U	48	N:47	47	B:47	assessable	assessable	assessable	Rfam.seed.gz	15.1	41f014f4ab5628620935f089b1bb77987ebc162fda7c72bff368a32c9cccabac
RF00005__5CCB_N__7EQJ_B	RF00005	85	,	AP000442.6/2022-1950	48	C	X17321.1/66-138	48	C	49	N:48	48	B:48	assessable	assessable	assessable	Rfam.seed.gz	15.1	41f014f4ab5628620935f089b1bb77987ebc162fda7c72bff368a32c9cccabac
RF00005__5CCB_N__7EQJ_B	RF00005	86	<	AP000442.6/2022-1950	49	C	X17321.1/66-138	49	G	50	N:49	49	B:49	assessable	assessable	assessable	Rfam.seed.gz	15.1	41f014f4ab5628620935f089b1bb77987ebc162fda7c72bff368a32c9cccabac
RF00005__5CCB_N__7EQJ_B	RF00005	87	<	AP000442.6/2022-1950	50	A	X17321.1/66-138	50	G	51	N:50	50	B:50	assessable	assessable	assessable	Rfam.seed.gz	15.1	41f014f4ab5628620935f089b1bb77987ebc162fda7c72bff368a32c9cccabac
RF00005__5CCB_N__7EQJ_B	RF00005	88	<	AP000442.6/2022-1950	51	G	X17321.1/66-138	51	C	52	N:51	51	B:51	assessable	assessable	assessable	Rfam.seed.gz	15.1	41f014f4ab5628620935f089b1bb77987ebc162fda7c72bff368a32c9cccabac
RF00005__5CCB_N__7EQJ_B	RF00005	90	<	AP000442.6/2022-1950	52	G	X17321.1/66-138	52	G	53	N:52	52	B:52	assessable	assessable	assessable	Rfam.seed.gz	15.1	41f014f4ab5628620935f089b1bb77987ebc162fda7c72bff368a32c9cccabac
RF00005__5CCB_N__7EQJ_B	RF00005	91	<	AP000442.6/2022-1950	53	G	X17321.1/66-138	53	G	54	N:53	53	B:53	assessable	assessable	assessable	Rfam.seed.gz	15.1	41f014f4ab5628620935f089b1bb77987ebc162fda7c72bff368a32c9cccabac
RF00005__5CCB_N__7EQJ_B	RF00005	92	_	AP000442.6/2022-1950	54	U	X17321.1/66-138	54	U	55	N:54	54	B:54	assessable	assessable	assessable	Rfam.seed.gz	15.1	41f014f4ab5628620935f089b1bb77987ebc162fda7c72bff368a32c9cccabac
RF00005__5CCB_N__7EQJ_B	RF00005	94	_	AP000442.6/2022-1950	55	U	X17321.1/66-138	55	U	56	N:55	55	B:55	assessable	assessable	assessable	Rfam.seed.gz	15.1	41f014f4ab5628620935f089b1bb77987ebc162fda7c72bff368a32c9cccabac
RF00005__5CCB_N__7EQJ_B	RF00005	95	_	AP000442.6/2022-1950	56	C	X17321.1/66-138	56	C	57	N:56	56	B:56	assessable	assessable	assessable	Rfam.seed.gz	15.1	41f014f4ab5628620935f089b1bb77987ebc162fda7c72bff368a32c9cccabac
RF00005__5CCB_N__7EQJ_B	RF00005	96	_	AP000442.6/2022-1950	57	A	X17321.1/66-138	57	G	58	N:57	57	B:57	assessable	assessable	assessable	Rfam.seed.gz	15.1	41f014f4ab5628620935f089b1bb77987ebc162fda7c72bff368a32c9cccabac
RF00005__5CCB_N__7EQJ_B	RF00005	98	_	AP000442.6/2022-1950	58	A	X17321.1/66-138	58	A	59	N:58	58	B:58	assessable	assessable	assessable	Rfam.seed.gz	15.1	41f014f4ab5628620935f089b1bb77987ebc162fda7c72bff368a32c9cccabac
RF00005__5CCB_N__7EQJ_B	RF00005	99	_	AP000442.6/2022-1950	59	G	X17321.1/66-138	59	U	60	N:59	59	B:59	assessable	assessable	assessable	Rfam.seed.gz	15.1	41f014f4ab5628620935f089b1bb77987ebc162fda7c72bff368a32c9cccabac
RF00005__5CCB_N__7EQJ_B	RF00005	102	_	AP000442.6/2022-1950	60	U	X17321.1/66-138	60	C	61	N:60	60	B:60	assessable	assessable	assessable	Rfam.seed.gz	15.1	41f014f4ab5628620935f089b1bb77987ebc162fda7c72bff368a32c9cccabac
RF00005__5CCB_N__7EQJ_B	RF00005	103	>	AP000442.6/2022-1950	61	C	X17321.1/66-138	61	C	62	N:61	61	B:61	assessable	assessable	assessable	Rfam.seed.gz	15.1	41f014f4ab5628620935f089b1bb77987ebc162fda7c72bff368a32c9cccabac
RF00005__5CCB_N__7EQJ_B	RF00005	104	>	AP000442.6/2022-1950	62	C	X17321.1/66-138	62	C	63	N:62	62	B:62	assessable	assessable	assessable	Rfam.seed.gz	15.1	41f014f4ab5628620935f089b1bb77987ebc162fda7c72bff368a32c9cccabac
RF00005__5CCB_N__7EQJ_B	RF00005	105	>	AP000442.6/2022-1950	63	C	X17321.1/66-138	63	G	64	N:63	63	B:63	assessable	assessable	assessable	Rfam.seed.gz	15.1	41f014f4ab5628620935f089b1bb77987ebc162fda7c72bff368a32c9cccabac
RF00005__5CCB_N__7EQJ_B	RF00005	106	>	AP000442.6/2022-1950	64	U	X17321.1/66-138	64	U	65	N:64	64	B:64	assessable	assessable	assessable	Rfam.seed.gz	15.1	41f014f4ab5628620935f089b1bb77987ebc162fda7c72bff368a32c9cccabac
RF00005__5CCB_N__7EQJ_B	RF00005	108	>	AP000442.6/2022-1950	65	G	X17321.1/66-138	65	C	66	N:65	65	B:65	assessable	assessable	assessable	Rfam.seed.gz	15.1	41f014f4ab5628620935f089b1bb77987ebc162fda7c72bff368a32c9cccabac
RF00005__5CCB_N__7EQJ_B	RF00005	110	)	AP000442.6/2022-1950	66	U	X17321.1/66-138	66	A	67	N:66	66	B:66	assessable	assessable	assessable	Rfam.seed.gz	15.1	41f014f4ab5628620935f089b1bb77987ebc162fda7c72bff368a32c9cccabac
RF00005__5CCB_N__7EQJ_B	RF00005	111	)	AP000442.6/2022-1950	67	U	X17321.1/66-138	67	U	68	N:67	67	B:67	assessable	assessable	assessable	Rfam.seed.gz	15.1	41f014f4ab5628620935f089b1bb77987ebc162fda7c72bff368a32c9cccabac
RF00005__5CCB_N__7EQJ_B	RF00005	112	)	AP000442.6/2022-1950	68	C	X17321.1/66-138	68	C	69	N:68	68	B:68	assessable	assessable	assessable	Rfam.seed.gz	15.1	41f014f4ab5628620935f089b1bb77987ebc162fda7c72bff368a32c9cccabac
RF00005__5CCB_N__7EQJ_B	RF00005	113	)	AP000442.6/2022-1950	69	G	X17321.1/66-138	69	A	70	N:69	69	B:69	assessable	assessable	assessable	Rfam.seed.gz	15.1	41f014f4ab5628620935f089b1bb77987ebc162fda7c72bff368a32c9cccabac
RF00005__5CCB_N__7EQJ_B	RF00005	114	)	AP000442.6/2022-1950	70	G	X17321.1/66-138	70	C	71	N:70	70	B:70	assessable	assessable	assessable	Rfam.seed.gz	15.1	41f014f4ab5628620935f089b1bb77987ebc162fda7c72bff368a32c9cccabac
RF00005__5CCB_N__7EQJ_B	RF00005	115	)	AP000442.6/2022-1950	71	G	X17321.1/66-138	71	C	72	N:71	71	B:71	assessable	assessable	assessable	Rfam.seed.gz	15.1	41f014f4ab5628620935f089b1bb77987ebc162fda7c72bff368a32c9cccabac
RF00005__5CCB_N__7EQJ_B	RF00005	116	)	AP000442.6/2022-1950	72	C	X17321.1/66-138	72	C	73	N:72	72	B:72	assessable	assessable	assessable	Rfam.seed.gz	15.1	41f014f4ab5628620935f089b1bb77987ebc162fda7c72bff368a32c9cccabac
RF00005__5CCB_N__7EQJ_B	RF00005	118	:	AP000442.6/2022-1950	73	G	X17321.1/66-138	73	A	74	N:73	73	B:73	assessable	assessable	assessable	Rfam.seed.gz	15.1	41f014f4ab5628620935f089b1bb77987ebc162fda7c72bff368a32c9cccabac
