pair_id	rfam_acc	original_column	ss_cons	residue_row	row_name	row_index	row_nt	label_seq_id	structure_status	partner	reference_source	rfam_release
RF00522__3FU2_A__6VUI_A	RF00522	12	_	A	URS000080E020_32630/1-34	7	U	7	assessable	gap	Rfam.seed.gz	15.1
RF00522__3FU2_A__6VUI_A	RF00522	14	_	B	URS000080E32E_119072/1-33	8	G	8	assessable	gap	Rfam.seed.gz	15.1
RF00522__3FU2_A__6VUI_A	RF00522	21	_	A	URS000080E020_32630/1-34	13	U	13	missing_coordinates	gap	Rfam.seed.gz	15.1
RF00522__3FU2_A__6VUI_A	RF00522	24	.	A	URS000080E020_32630/1-34	15	C	15	assessable	gap	Rfam.seed.gz	15.1
RF00522__3FU2_A__6VUI_A	RF00522	32	.	B	URS000080E32E_119072/1-33	21	U	21	assessable	gap	Rfam.seed.gz	15.1
RF00522__3FU2_A__6VUI_A	RF00522	62	a	A	URS000080E020_32630/1-34	32	U	32	assessable	gap	Rfam.seed.gz	15.1
RF00522__3FU2_A__6VUI_A	RF00522	65	:	B	URS000080E32E_119072/1-33	33	G	33	assessable	gap	Rfam.seed.gz	15.1
RF00522__3FU2_A__7REX_A	RF00522	14	_	B	URS00023119CB_2126436/1-34	9	G	9	assessable	gap	Rfam.seed.gz	15.1
RF00522__3FU2_A__7REX_A	RF00522	22	_	A	URS000080E020_32630/1-34	14	A	14	missing_coordinates	gap	Rfam.seed.gz	15.1
RF00522__3FU2_A__7REX_A	RF00522	24	.	A	URS000080E020_32630/1-34	15	C	15	assessable	gap	Rfam.seed.gz	15.1
RF00522__3FU2_A__7REX_A	RF00522	32	.	B	URS00023119CB_2126436/1-34	22	A	22	assessable	gap	Rfam.seed.gz	15.1
RF00522__3FU2_A__7REX_A	RF00522	62	a	A	URS000080E020_32630/1-34	32	U	32	assessable	gap	Rfam.seed.gz	15.1
RF00522__3FU2_A__7REX_A	RF00522	65	:	B	URS00023119CB_2126436/1-34	34	G	34	assessable	gap	Rfam.seed.gz	15.1
RF00522__6VUI_A__7REX_A	RF00522	12	_	B	URS00023119CB_2126436/1-34	7	U	7	assessable	gap	Rfam.seed.gz	15.1
RF00522__6VUI_A__7REX_A	RF00522	21	_	B	URS00023119CB_2126436/1-34	14	C	14	assessable	gap	Rfam.seed.gz	15.1
RF00522__6VUI_A__7REX_A	RF00522	22	_	A	URS000080E32E_119072/1-33	13	A	13	assessable	gap	Rfam.seed.gz	15.1
