rep_id	rfam_acc	row_name	row_index1	row_coordinate	row_nt	original_column	reference_source	rfam_release	seed_sha256	pdb_id	model	label_asym_id	auth_asym_id	entity_id	deposited_index1	label_seq_id	auth_seq_id	ins_code	scheme_auth_seq_num	scheme_pdb_seq_num	comp_id	parent_nt	modified	engineered_masked	observed	star3d_atoms_complete	star3d_index0	star3d_resid	identity_check
RF00522__6VUI_A	RF00522	URS000080E32E_119072/1-33	1	1	C	6	Rfam.seed.gz	15.1	41f014f4ab5628620935f089b1bb77987ebc162fda7c72bff368a32c9cccabac	6VUI	1	A	A	1	1	1	1	NA	1	1	C	C	no	no	yes	no	0	A:1	ok
RF00522__6VUI_A	RF00522	URS000080E32E_119072/1-33	2	2	U	7	Rfam.seed.gz	15.1	41f014f4ab5628620935f089b1bb77987ebc162fda7c72bff368a32c9cccabac	6VUI	1	A	A	1	2	2	2	NA	2	2	U	U	no	no	yes	yes	1	A:2	ok
RF00522__6VUI_A	RF00522	URS000080E32E_119072/1-33	3	3	G	8	Rfam.seed.gz	15.1	41f014f4ab5628620935f089b1bb77987ebc162fda7c72bff368a32c9cccabac	6VUI	1	A	A	1	3	3	3	NA	3	3	G	G	no	no	yes	yes	2	A:3	ok
RF00522__6VUI_A	RF00522	URS000080E32E_119072/1-33	4	4	G	9	Rfam.seed.gz	15.1	41f014f4ab5628620935f089b1bb77987ebc162fda7c72bff368a32c9cccabac	6VUI	1	A	A	1	4	4	4	NA	4	4	G	G	no	no	yes	yes	3	A:4	ok
RF00522__6VUI_A	RF00522	URS000080E32E_119072/1-33	5	5	G	10	Rfam.seed.gz	15.1	41f014f4ab5628620935f089b1bb77987ebc162fda7c72bff368a32c9cccabac	6VUI	1	A	A	1	5	5	5	NA	5	5	G	G	no	no	yes	yes	4	A:5	ok
RF00522__6VUI_A	RF00522	URS000080E32E_119072/1-33	6	6	U	11	Rfam.seed.gz	15.1	41f014f4ab5628620935f089b1bb77987ebc162fda7c72bff368a32c9cccabac	6VUI	1	A	A	1	6	6	6	NA	6	6	U	U	no	no	yes	yes	5	A:6	ok
RF00522__6VUI_A	RF00522	URS000080E32E_119072/1-33	7	7	C	13	Rfam.seed.gz	15.1	41f014f4ab5628620935f089b1bb77987ebc162fda7c72bff368a32c9cccabac	6VUI	1	A	A	1	7	7	7	NA	7	7	C	C	no	no	yes	yes	6	A:7	ok
RF00522__6VUI_A	RF00522	URS000080E32E_119072/1-33	8	8	G	14	Rfam.seed.gz	15.1	41f014f4ab5628620935f089b1bb77987ebc162fda7c72bff368a32c9cccabac	6VUI	1	A	A	1	8	8	8	NA	8	8	G	G	no	no	yes	yes	7	A:8	ok
RF00522__6VUI_A	RF00522	URS000080E32E_119072/1-33	9	9	C	15	Rfam.seed.gz	15.1	41f014f4ab5628620935f089b1bb77987ebc162fda7c72bff368a32c9cccabac	6VUI	1	A	A	1	9	9	9	NA	9	9	C	C	no	no	yes	yes	8	A:9	ok
RF00522__6VUI_A	RF00522	URS000080E32E_119072/1-33	10	10	A	16	Rfam.seed.gz	15.1	41f014f4ab5628620935f089b1bb77987ebc162fda7c72bff368a32c9cccabac	6VUI	1	A	A	1	10	10	10	NA	10	10	A	A	no	no	yes	yes	9	A:10	ok
RF00522__6VUI_A	RF00522	URS000080E32E_119072/1-33	11	11	G	17	Rfam.seed.gz	15.1	41f014f4ab5628620935f089b1bb77987ebc162fda7c72bff368a32c9cccabac	6VUI	1	A	A	1	11	11	11	NA	11	11	G	G	no	no	yes	yes	10	A:11	ok
RF00522__6VUI_A	RF00522	URS000080E32E_119072/1-33	12	12	U	20	Rfam.seed.gz	15.1	41f014f4ab5628620935f089b1bb77987ebc162fda7c72bff368a32c9cccabac	6VUI	1	A	A	1	12	12	12	NA	12	12	U	U	no	no	yes	yes	11	A:12	ok
RF00522__6VUI_A	RF00522	URS000080E32E_119072/1-33	13	13	A	22	Rfam.seed.gz	15.1	41f014f4ab5628620935f089b1bb77987ebc162fda7c72bff368a32c9cccabac	6VUI	1	A	A	1	13	13	13	NA	13	13	A	A	no	no	yes	yes	12	A:13	ok
RF00522__6VUI_A	RF00522	URS000080E32E_119072/1-33	14	14	A	25	Rfam.seed.gz	15.1	41f014f4ab5628620935f089b1bb77987ebc162fda7c72bff368a32c9cccabac	6VUI	1	A	A	1	14	14	14	NA	14	14	A	A	no	no	yes	yes	13	A:14	ok
RF00522__6VUI_A	RF00522	URS000080E32E_119072/1-33	15	15	C	26	Rfam.seed.gz	15.1	41f014f4ab5628620935f089b1bb77987ebc162fda7c72bff368a32c9cccabac	6VUI	1	A	A	1	15	15	15	NA	15	15	C	C	no	no	yes	yes	14	A:15	ok
RF00522__6VUI_A	RF00522	URS000080E32E_119072/1-33	16	16	C	27	Rfam.seed.gz	15.1	41f014f4ab5628620935f089b1bb77987ebc162fda7c72bff368a32c9cccabac	6VUI	1	A	A	1	16	16	16	NA	16	16	C	C	no	no	yes	yes	15	A:16	ok
RF00522__6VUI_A	RF00522	URS000080E32E_119072/1-33	17	17	C	28	Rfam.seed.gz	15.1	41f014f4ab5628620935f089b1bb77987ebc162fda7c72bff368a32c9cccabac	6VUI	1	A	A	1	17	17	17	NA	17	17	C	C	no	no	yes	yes	16	A:17	ok
RF00522__6VUI_A	RF00522	URS000080E32E_119072/1-33	18	18	C	29	Rfam.seed.gz	15.1	41f014f4ab5628620935f089b1bb77987ebc162fda7c72bff368a32c9cccabac	6VUI	1	A	A	1	18	18	18	NA	18	18	C	C	no	no	yes	yes	17	A:18	ok
RF00522__6VUI_A	RF00522	URS000080E32E_119072/1-33	19	19	A	30	Rfam.seed.gz	15.1	41f014f4ab5628620935f089b1bb77987ebc162fda7c72bff368a32c9cccabac	6VUI	1	A	A	1	19	19	19	NA	19	19	A	A	no	no	yes	yes	18	A:19	ok
RF00522__6VUI_A	RF00522	URS000080E32E_119072/1-33	20	20	G	31	Rfam.seed.gz	15.1	41f014f4ab5628620935f089b1bb77987ebc162fda7c72bff368a32c9cccabac	6VUI	1	A	A	1	20	20	20	NA	20	20	G	G	no	no	yes	yes	19	A:20	ok
RF00522__6VUI_A	RF00522	URS000080E32E_119072/1-33	21	21	U	32	Rfam.seed.gz	15.1	41f014f4ab5628620935f089b1bb77987ebc162fda7c72bff368a32c9cccabac	6VUI	1	A	A	1	21	21	21	NA	21	21	U	U	no	no	yes	yes	20	A:21	ok
RF00522__6VUI_A	RF00522	URS000080E32E_119072/1-33	22	22	U	53	Rfam.seed.gz	15.1	41f014f4ab5628620935f089b1bb77987ebc162fda7c72bff368a32c9cccabac	6VUI	1	A	A	1	22	22	22	NA	22	22	U	U	no	no	yes	yes	21	A:22	ok
RF00522__6VUI_A	RF00522	URS000080E32E_119072/1-33	23	23	A	54	Rfam.seed.gz	15.1	41f014f4ab5628620935f089b1bb77987ebc162fda7c72bff368a32c9cccabac	6VUI	1	A	A	1	23	23	23	NA	23	23	A	A	no	no	yes	yes	22	A:23	ok
RF00522__6VUI_A	RF00522	URS000080E32E_119072/1-33	24	24	A	55	Rfam.seed.gz	15.1	41f014f4ab5628620935f089b1bb77987ebc162fda7c72bff368a32c9cccabac	6VUI	1	A	A	1	24	24	24	NA	24	24	A	A	no	no	yes	yes	23	A:24	ok
RF00522__6VUI_A	RF00522	URS000080E32E_119072/1-33	25	25	C	56	Rfam.seed.gz	15.1	41f014f4ab5628620935f089b1bb77987ebc162fda7c72bff368a32c9cccabac	6VUI	1	A	A	1	25	25	25	NA	25	25	C	C	no	no	yes	yes	24	A:25	ok
RF00522__6VUI_A	RF00522	URS000080E32E_119072/1-33	26	26	A	57	Rfam.seed.gz	15.1	41f014f4ab5628620935f089b1bb77987ebc162fda7c72bff368a32c9cccabac	6VUI	1	A	A	1	26	26	26	NA	26	26	A	A	no	no	yes	yes	25	A:26	ok
RF00522__6VUI_A	RF00522	URS000080E32E_119072/1-33	27	27	A	58	Rfam.seed.gz	15.1	41f014f4ab5628620935f089b1bb77987ebc162fda7c72bff368a32c9cccabac	6VUI	1	A	A	1	27	27	27	NA	27	27	A	A	no	no	yes	yes	26	A:27	ok
RF00522__6VUI_A	RF00522	URS000080E32E_119072/1-33	28	28	A	59	Rfam.seed.gz	15.1	41f014f4ab5628620935f089b1bb77987ebc162fda7c72bff368a32c9cccabac	6VUI	1	A	A	1	28	28	28	NA	28	28	A	A	no	no	yes	yes	27	A:28	ok
RF00522__6VUI_A	RF00522	URS000080E32E_119072/1-33	29	29	A	60	Rfam.seed.gz	15.1	41f014f4ab5628620935f089b1bb77987ebc162fda7c72bff368a32c9cccabac	6VUI	1	A	A	1	29	29	29	NA	29	29	A	A	no	no	yes	yes	28	A:29	ok
RF00522__6VUI_A	RF00522	URS000080E32E_119072/1-33	30	30	C	61	Rfam.seed.gz	15.1	41f014f4ab5628620935f089b1bb77987ebc162fda7c72bff368a32c9cccabac	6VUI	1	A	A	1	30	30	30	NA	30	30	C	C	no	no	yes	yes	29	A:30	ok
RF00522__6VUI_A	RF00522	URS000080E32E_119072/1-33	31	31	A	63	Rfam.seed.gz	15.1	41f014f4ab5628620935f089b1bb77987ebc162fda7c72bff368a32c9cccabac	6VUI	1	A	A	1	31	31	31	NA	31	31	A	A	no	no	yes	yes	30	A:31	ok
RF00522__6VUI_A	RF00522	URS000080E32E_119072/1-33	32	32	A	64	Rfam.seed.gz	15.1	41f014f4ab5628620935f089b1bb77987ebc162fda7c72bff368a32c9cccabac	6VUI	1	A	A	1	32	32	32	NA	32	32	A	A	no	no	yes	yes	31	A:32	ok
RF00522__6VUI_A	RF00522	URS000080E32E_119072/1-33	33	33	G	65	Rfam.seed.gz	15.1	41f014f4ab5628620935f089b1bb77987ebc162fda7c72bff368a32c9cccabac	6VUI	1	A	A	1	33	33	33	NA	33	33	G	G	no	no	yes	yes	32	A:33	ok
RF00522__3FU2_A	RF00522	URS000080E020_32630/1-34	1	1	A	6	Rfam.seed.gz	15.1	41f014f4ab5628620935f089b1bb77987ebc162fda7c72bff368a32c9cccabac	3FU2	1	A	A	1	1	1	1	NA	1	1	A	A	no	no	yes	no	0	A:1	ok
RF00522__3FU2_A	RF00522	URS000080E020_32630/1-34	2	2	G	7	Rfam.seed.gz	15.1	41f014f4ab5628620935f089b1bb77987ebc162fda7c72bff368a32c9cccabac	3FU2	1	A	A	1	2	2	2	NA	2	2	G	G	no	no	yes	yes	1	A:2	ok
RF00522__3FU2_A	RF00522	URS000080E020_32630/1-34	3	3	A	8	Rfam.seed.gz	15.1	41f014f4ab5628620935f089b1bb77987ebc162fda7c72bff368a32c9cccabac	3FU2	1	A	A	1	3	3	3	NA	3	3	A	A	no	no	yes	yes	2	A:3	ok
RF00522__3FU2_A	RF00522	URS000080E020_32630/1-34	4	4	G	9	Rfam.seed.gz	15.1	41f014f4ab5628620935f089b1bb77987ebc162fda7c72bff368a32c9cccabac	3FU2	1	A	A	1	4	4	4	NA	4	4	G	G	no	no	yes	yes	3	A:4	ok
RF00522__3FU2_A	RF00522	URS000080E020_32630/1-34	5	5	G	10	Rfam.seed.gz	15.1	41f014f4ab5628620935f089b1bb77987ebc162fda7c72bff368a32c9cccabac	3FU2	1	A	A	1	5	5	5	NA	5	5	G	G	no	no	yes	yes	4	A:5	ok
RF00522__3FU2_A	RF00522	URS000080E020_32630/1-34	6	6	U	11	Rfam.seed.gz	15.1	41f014f4ab5628620935f089b1bb77987ebc162fda7c72bff368a32c9cccabac	3FU2	1	A	A	1	6	6	6	NA	6	6	U	U	no	no	yes	yes	5	A:6	ok
RF00522__3FU2_A	RF00522	URS000080E020_32630/1-34	7	7	U	12	Rfam.seed.gz	15.1	41f014f4ab5628620935f089b1bb77987ebc162fda7c72bff368a32c9cccabac	3FU2	1	A	A	1	7	7	7	NA	7	7	U	U	no	no	yes	yes	6	A:7	ok
RF00522__3FU2_A	RF00522	URS000080E020_32630/1-34	8	8	C	13	Rfam.seed.gz	15.1	41f014f4ab5628620935f089b1bb77987ebc162fda7c72bff368a32c9cccabac	3FU2	1	A	A	1	8	8	8	NA	8	8	C	C	no	no	yes	yes	7	A:8	ok
RF00522__3FU2_A	RF00522	URS000080E020_32630/1-34	9	9	U	15	Rfam.seed.gz	15.1	41f014f4ab5628620935f089b1bb77987ebc162fda7c72bff368a32c9cccabac	3FU2	1	A	A	1	9	9	9	NA	9	9	U	U	no	no	yes	yes	8	A:9	ok
RF00522__3FU2_A	RF00522	URS000080E020_32630/1-34	10	10	A	16	Rfam.seed.gz	15.1	41f014f4ab5628620935f089b1bb77987ebc162fda7c72bff368a32c9cccabac	3FU2	1	A	A	1	10	10	10	NA	10	10	A	A	no	no	yes	yes	9	A:10	ok
RF00522__3FU2_A	RF00522	URS000080E020_32630/1-34	11	11	G	17	Rfam.seed.gz	15.1	41f014f4ab5628620935f089b1bb77987ebc162fda7c72bff368a32c9cccabac	3FU2	1	A	A	1	11	11	11	NA	11	11	G	G	no	no	yes	yes	10	A:11	ok
RF00522__3FU2_A	RF00522	URS000080E020_32630/1-34	12	12	C	20	Rfam.seed.gz	15.1	41f014f4ab5628620935f089b1bb77987ebc162fda7c72bff368a32c9cccabac	3FU2	1	A	A	1	12	12	12	NA	12	12	C	C	no	no	yes	no	11	A:12	ok
RF00522__3FU2_A	RF00522	URS000080E020_32630/1-34	13	13	U	21	Rfam.seed.gz	15.1	41f014f4ab5628620935f089b1bb77987ebc162fda7c72bff368a32c9cccabac	3FU2	1	A	A	1	13	13	13	NA	NA	13	U	U	no	no	no	no	NA	NA	ok
RF00522__3FU2_A	RF00522	URS000080E020_32630/1-34	14	14	A	22	Rfam.seed.gz	15.1	41f014f4ab5628620935f089b1bb77987ebc162fda7c72bff368a32c9cccabac	3FU2	1	A	A	1	14	14	14	NA	NA	14	A	A	no	no	no	no	NA	NA	ok
RF00522__3FU2_A	RF00522	URS000080E020_32630/1-34	15	15	C	24	Rfam.seed.gz	15.1	41f014f4ab5628620935f089b1bb77987ebc162fda7c72bff368a32c9cccabac	3FU2	1	A	A	1	15	15	15	NA	15	15	C	C	no	no	yes	yes	12	A:15	ok
RF00522__3FU2_A	RF00522	URS000080E020_32630/1-34	16	16	A	25	Rfam.seed.gz	15.1	41f014f4ab5628620935f089b1bb77987ebc162fda7c72bff368a32c9cccabac	3FU2	1	A	A	1	16	16	16	NA	16	16	A	A	no	no	yes	yes	13	A:16	ok
RF00522__3FU2_A	RF00522	URS000080E020_32630/1-34	17	17	C	26	Rfam.seed.gz	15.1	41f014f4ab5628620935f089b1bb77987ebc162fda7c72bff368a32c9cccabac	3FU2	1	A	A	1	17	17	17	NA	17	17	C	C	no	no	yes	yes	14	A:17	ok
RF00522__3FU2_A	RF00522	URS000080E020_32630/1-34	18	18	C	27	Rfam.seed.gz	15.1	41f014f4ab5628620935f089b1bb77987ebc162fda7c72bff368a32c9cccabac	3FU2	1	A	A	1	18	18	18	NA	18	18	C	C	no	no	yes	yes	15	A:18	ok
RF00522__3FU2_A	RF00522	URS000080E020_32630/1-34	19	19	C	28	Rfam.seed.gz	15.1	41f014f4ab5628620935f089b1bb77987ebc162fda7c72bff368a32c9cccabac	3FU2	1	A	A	1	19	19	19	NA	19	19	C	C	no	no	yes	yes	16	A:19	ok
RF00522__3FU2_A	RF00522	URS000080E020_32630/1-34	20	20	U	29	Rfam.seed.gz	15.1	41f014f4ab5628620935f089b1bb77987ebc162fda7c72bff368a32c9cccabac	3FU2	1	A	A	1	20	20	20	NA	20	20	U	U	no	no	yes	yes	17	A:20	ok
RF00522__3FU2_A	RF00522	URS000080E020_32630/1-34	21	21	C	30	Rfam.seed.gz	15.1	41f014f4ab5628620935f089b1bb77987ebc162fda7c72bff368a32c9cccabac	3FU2	1	A	A	1	21	21	21	NA	21	21	C	C	no	no	yes	yes	18	A:21	ok
RF00522__3FU2_A	RF00522	URS000080E020_32630/1-34	22	22	U	31	Rfam.seed.gz	15.1	41f014f4ab5628620935f089b1bb77987ebc162fda7c72bff368a32c9cccabac	3FU2	1	A	A	1	22	22	22	NA	22	22	U	U	no	no	yes	yes	19	A:22	ok
RF00522__3FU2_A	RF00522	URS000080E020_32630/1-34	23	23	A	53	Rfam.seed.gz	15.1	41f014f4ab5628620935f089b1bb77987ebc162fda7c72bff368a32c9cccabac	3FU2	1	A	A	1	23	23	23	NA	23	23	A	A	no	no	yes	yes	20	A:23	ok
RF00522__3FU2_A	RF00522	URS000080E020_32630/1-34	24	24	U	54	Rfam.seed.gz	15.1	41f014f4ab5628620935f089b1bb77987ebc162fda7c72bff368a32c9cccabac	3FU2	1	A	A	1	24	24	24	NA	24	24	U	U	no	no	yes	yes	21	A:24	ok
RF00522__3FU2_A	RF00522	URS000080E020_32630/1-34	25	25	A	55	Rfam.seed.gz	15.1	41f014f4ab5628620935f089b1bb77987ebc162fda7c72bff368a32c9cccabac	3FU2	1	A	A	1	25	25	25	NA	25	25	A	A	no	no	yes	yes	22	A:25	ok
RF00522__3FU2_A	RF00522	URS000080E020_32630/1-34	26	26	A	56	Rfam.seed.gz	15.1	41f014f4ab5628620935f089b1bb77987ebc162fda7c72bff368a32c9cccabac	3FU2	1	A	A	1	26	26	26	NA	26	26	A	A	no	no	yes	yes	23	A:26	ok
RF00522__3FU2_A	RF00522	URS000080E020_32630/1-34	27	27	A	57	Rfam.seed.gz	15.1	41f014f4ab5628620935f089b1bb77987ebc162fda7c72bff368a32c9cccabac	3FU2	1	A	A	1	27	27	27	NA	27	27	A	A	no	no	yes	yes	24	A:27	ok
RF00522__3FU2_A	RF00522	URS000080E020_32630/1-34	28	28	A	58	Rfam.seed.gz	15.1	41f014f4ab5628620935f089b1bb77987ebc162fda7c72bff368a32c9cccabac	3FU2	1	A	A	1	28	28	28	NA	28	28	A	A	no	no	yes	yes	25	A:28	ok
RF00522__3FU2_A	RF00522	URS000080E020_32630/1-34	29	29	A	59	Rfam.seed.gz	15.1	41f014f4ab5628620935f089b1bb77987ebc162fda7c72bff368a32c9cccabac	3FU2	1	A	A	1	29	29	29	NA	29	29	A	A	no	no	yes	yes	26	A:29	ok
RF00522__3FU2_A	RF00522	URS000080E020_32630/1-34	30	30	A	60	Rfam.seed.gz	15.1	41f014f4ab5628620935f089b1bb77987ebc162fda7c72bff368a32c9cccabac	3FU2	1	A	A	1	30	30	30	NA	30	30	A	A	no	no	yes	yes	27	A:30	ok
RF00522__3FU2_A	RF00522	URS000080E020_32630/1-34	31	31	C	61	Rfam.seed.gz	15.1	41f014f4ab5628620935f089b1bb77987ebc162fda7c72bff368a32c9cccabac	3FU2	1	A	A	1	31	31	31	NA	31	31	C	C	no	no	yes	yes	28	A:31	ok
RF00522__3FU2_A	RF00522	URS000080E020_32630/1-34	32	32	U	62	Rfam.seed.gz	15.1	41f014f4ab5628620935f089b1bb77987ebc162fda7c72bff368a32c9cccabac	3FU2	1	A	A	1	32	32	32	NA	32	32	U	U	no	no	yes	yes	29	A:32	ok
RF00522__3FU2_A	RF00522	URS000080E020_32630/1-34	33	33	A	63	Rfam.seed.gz	15.1	41f014f4ab5628620935f089b1bb77987ebc162fda7c72bff368a32c9cccabac	3FU2	1	A	A	1	33	33	33	NA	33	33	A	A	no	no	yes	yes	30	A:33	ok
RF00522__3FU2_A	RF00522	URS000080E020_32630/1-34	34	34	A	64	Rfam.seed.gz	15.1	41f014f4ab5628620935f089b1bb77987ebc162fda7c72bff368a32c9cccabac	3FU2	1	A	A	1	34	34	34	NA	34	34	A	A	no	no	yes	yes	31	A:34	ok
RF00522__7REX_A	RF00522	URS00023119CB_2126436/1-34	1	1	U	6	Rfam.seed.gz	15.1	41f014f4ab5628620935f089b1bb77987ebc162fda7c72bff368a32c9cccabac	7REX	1	A	A	1	1	1	1	NA	1	1	U	U	no	no	yes	no	0	A:1	ok
RF00522__7REX_A	RF00522	URS00023119CB_2126436/1-34	2	2	G	7	Rfam.seed.gz	15.1	41f014f4ab5628620935f089b1bb77987ebc162fda7c72bff368a32c9cccabac	7REX	1	A	A	1	2	2	2	NA	2	2	G	G	no	no	yes	yes	1	A:2	ok
RF00522__7REX_A	RF00522	URS00023119CB_2126436/1-34	3	3	U	8	Rfam.seed.gz	15.1	41f014f4ab5628620935f089b1bb77987ebc162fda7c72bff368a32c9cccabac	7REX	1	A	A	1	3	3	3	NA	3	3	U	U	no	no	yes	yes	2	A:3	ok
RF00522__7REX_A	RF00522	URS00023119CB_2126436/1-34	4	4	G	9	Rfam.seed.gz	15.1	41f014f4ab5628620935f089b1bb77987ebc162fda7c72bff368a32c9cccabac	7REX	1	A	A	1	4	4	4	NA	4	4	G	G	no	no	yes	yes	3	A:4	ok
RF00522__7REX_A	RF00522	URS00023119CB_2126436/1-34	5	5	G	10	Rfam.seed.gz	15.1	41f014f4ab5628620935f089b1bb77987ebc162fda7c72bff368a32c9cccabac	7REX	1	A	A	1	5	5	5	NA	5	5	G	G	no	no	yes	yes	4	A:5	ok
RF00522__7REX_A	RF00522	URS00023119CB_2126436/1-34	6	6	U	11	Rfam.seed.gz	15.1	41f014f4ab5628620935f089b1bb77987ebc162fda7c72bff368a32c9cccabac	7REX	1	A	A	1	6	6	6	NA	6	6	U	U	no	no	yes	yes	5	A:6	ok
RF00522__7REX_A	RF00522	URS00023119CB_2126436/1-34	7	7	U	12	Rfam.seed.gz	15.1	41f014f4ab5628620935f089b1bb77987ebc162fda7c72bff368a32c9cccabac	7REX	1	A	A	1	7	7	7	NA	7	7	U	U	no	no	yes	yes	6	A:7	ok
RF00522__7REX_A	RF00522	URS00023119CB_2126436/1-34	8	8	C	13	Rfam.seed.gz	15.1	41f014f4ab5628620935f089b1bb77987ebc162fda7c72bff368a32c9cccabac	7REX	1	A	A	1	8	8	8	NA	8	8	C	C	no	no	yes	yes	7	A:8	ok
RF00522__7REX_A	RF00522	URS00023119CB_2126436/1-34	9	9	G	14	Rfam.seed.gz	15.1	41f014f4ab5628620935f089b1bb77987ebc162fda7c72bff368a32c9cccabac	7REX	1	A	A	1	9	9	9	NA	9	9	G	G	no	no	yes	yes	8	A:9	ok
RF00522__7REX_A	RF00522	URS00023119CB_2126436/1-34	10	10	C	15	Rfam.seed.gz	15.1	41f014f4ab5628620935f089b1bb77987ebc162fda7c72bff368a32c9cccabac	7REX	1	A	A	1	10	10	10	NA	10	10	C	C	no	no	yes	yes	9	A:10	ok
RF00522__7REX_A	RF00522	URS00023119CB_2126436/1-34	11	11	A	16	Rfam.seed.gz	15.1	41f014f4ab5628620935f089b1bb77987ebc162fda7c72bff368a32c9cccabac	7REX	1	A	A	1	11	11	11	NA	11	11	A	A	no	no	yes	yes	10	A:11	ok
RF00522__7REX_A	RF00522	URS00023119CB_2126436/1-34	12	12	A	17	Rfam.seed.gz	15.1	41f014f4ab5628620935f089b1bb77987ebc162fda7c72bff368a32c9cccabac	7REX	1	A	A	1	12	12	12	NA	12	12	A	A	no	no	yes	yes	11	A:12	ok
RF00522__7REX_A	RF00522	URS00023119CB_2126436/1-34	13	13	C	20	Rfam.seed.gz	15.1	41f014f4ab5628620935f089b1bb77987ebc162fda7c72bff368a32c9cccabac	7REX	1	A	A	1	13	13	13	NA	13	13	C	C	no	no	yes	yes	12	A:13	ok
RF00522__7REX_A	RF00522	URS00023119CB_2126436/1-34	14	14	C	21	Rfam.seed.gz	15.1	41f014f4ab5628620935f089b1bb77987ebc162fda7c72bff368a32c9cccabac	7REX	1	A	A	1	14	14	14	NA	14	14	C	C	no	no	yes	yes	13	A:14	ok
RF00522__7REX_A	RF00522	URS00023119CB_2126436/1-34	15	15	A	25	Rfam.seed.gz	15.1	41f014f4ab5628620935f089b1bb77987ebc162fda7c72bff368a32c9cccabac	7REX	1	A	A	1	15	15	15	NA	15	15	A	A	no	no	yes	yes	14	A:15	ok
RF00522__7REX_A	RF00522	URS00023119CB_2126436/1-34	16	16	U	26	Rfam.seed.gz	15.1	41f014f4ab5628620935f089b1bb77987ebc162fda7c72bff368a32c9cccabac	7REX	1	A	A	1	16	16	16	NA	16	16	U	U	no	no	yes	yes	15	A:16	ok
RF00522__7REX_A	RF00522	URS00023119CB_2126436/1-34	17	17	C	27	Rfam.seed.gz	15.1	41f014f4ab5628620935f089b1bb77987ebc162fda7c72bff368a32c9cccabac	7REX	1	A	A	1	17	17	17	NA	17	17	C	C	no	no	yes	yes	16	A:17	ok
RF00522__7REX_A	RF00522	URS00023119CB_2126436/1-34	18	18	C	28	Rfam.seed.gz	15.1	41f014f4ab5628620935f089b1bb77987ebc162fda7c72bff368a32c9cccabac	7REX	1	A	A	1	18	18	18	NA	18	18	C	C	no	no	yes	yes	17	A:18	ok
RF00522__7REX_A	RF00522	URS00023119CB_2126436/1-34	19	19	C	29	Rfam.seed.gz	15.1	41f014f4ab5628620935f089b1bb77987ebc162fda7c72bff368a32c9cccabac	7REX	1	A	A	1	19	19	19	NA	19	19	C	C	no	no	yes	yes	18	A:19	ok
RF00522__7REX_A	RF00522	URS00023119CB_2126436/1-34	20	20	A	30	Rfam.seed.gz	15.1	41f014f4ab5628620935f089b1bb77987ebc162fda7c72bff368a32c9cccabac	7REX	1	A	A	1	20	20	20	NA	20	20	A	A	no	no	yes	yes	19	A:20	ok
RF00522__7REX_A	RF00522	URS00023119CB_2126436/1-34	21	21	C	31	Rfam.seed.gz	15.1	41f014f4ab5628620935f089b1bb77987ebc162fda7c72bff368a32c9cccabac	7REX	1	A	A	1	21	21	21	NA	21	21	C	C	no	no	yes	yes	20	A:21	ok
RF00522__7REX_A	RF00522	URS00023119CB_2126436/1-34	22	22	A	32	Rfam.seed.gz	15.1	41f014f4ab5628620935f089b1bb77987ebc162fda7c72bff368a32c9cccabac	7REX	1	A	A	1	22	22	22	NA	22	22	A	A	no	no	yes	yes	21	A:22	ok
RF00522__7REX_A	RF00522	URS00023119CB_2126436/1-34	23	23	U	53	Rfam.seed.gz	15.1	41f014f4ab5628620935f089b1bb77987ebc162fda7c72bff368a32c9cccabac	7REX	1	A	A	1	23	23	23	NA	23	23	U	U	no	no	yes	yes	22	A:23	ok
RF00522__7REX_A	RF00522	URS00023119CB_2126436/1-34	24	24	A	54	Rfam.seed.gz	15.1	41f014f4ab5628620935f089b1bb77987ebc162fda7c72bff368a32c9cccabac	7REX	1	A	A	1	24	24	24	NA	24	24	A	A	no	no	yes	yes	23	A:24	ok
RF00522__7REX_A	RF00522	URS00023119CB_2126436/1-34	25	25	A	55	Rfam.seed.gz	15.1	41f014f4ab5628620935f089b1bb77987ebc162fda7c72bff368a32c9cccabac	7REX	1	A	A	1	25	25	25	NA	25	25	A	A	no	no	yes	yes	24	A:25	ok
RF00522__7REX_A	RF00522	URS00023119CB_2126436/1-34	26	26	A	56	Rfam.seed.gz	15.1	41f014f4ab5628620935f089b1bb77987ebc162fda7c72bff368a32c9cccabac	7REX	1	A	A	1	26	26	26	NA	26	26	A	A	no	no	yes	yes	25	A:26	ok
RF00522__7REX_A	RF00522	URS00023119CB_2126436/1-34	27	27	A	57	Rfam.seed.gz	15.1	41f014f4ab5628620935f089b1bb77987ebc162fda7c72bff368a32c9cccabac	7REX	1	A	A	1	27	27	27	NA	27	27	A	A	no	no	yes	yes	26	A:27	ok
RF00522__7REX_A	RF00522	URS00023119CB_2126436/1-34	28	28	A	58	Rfam.seed.gz	15.1	41f014f4ab5628620935f089b1bb77987ebc162fda7c72bff368a32c9cccabac	7REX	1	A	A	1	28	28	28	NA	28	28	A	A	no	no	yes	yes	27	A:28	ok
RF00522__7REX_A	RF00522	URS00023119CB_2126436/1-34	29	29	A	59	Rfam.seed.gz	15.1	41f014f4ab5628620935f089b1bb77987ebc162fda7c72bff368a32c9cccabac	7REX	1	A	A	1	29	29	29	NA	29	29	A	A	no	no	yes	yes	28	A:29	ok
RF00522__7REX_A	RF00522	URS00023119CB_2126436/1-34	30	30	A	60	Rfam.seed.gz	15.1	41f014f4ab5628620935f089b1bb77987ebc162fda7c72bff368a32c9cccabac	7REX	1	A	A	1	30	30	30	NA	30	30	A	A	no	no	yes	yes	29	A:30	ok
RF00522__7REX_A	RF00522	URS00023119CB_2126436/1-34	31	31	C	61	Rfam.seed.gz	15.1	41f014f4ab5628620935f089b1bb77987ebc162fda7c72bff368a32c9cccabac	7REX	1	A	A	1	31	31	31	NA	31	31	C	C	no	no	yes	yes	30	A:31	ok
RF00522__7REX_A	RF00522	URS00023119CB_2126436/1-34	32	32	U	63	Rfam.seed.gz	15.1	41f014f4ab5628620935f089b1bb77987ebc162fda7c72bff368a32c9cccabac	7REX	1	A	A	1	32	32	32	NA	32	32	U	U	no	no	yes	yes	31	A:32	ok
RF00522__7REX_A	RF00522	URS00023119CB_2126436/1-34	33	33	A	64	Rfam.seed.gz	15.1	41f014f4ab5628620935f089b1bb77987ebc162fda7c72bff368a32c9cccabac	7REX	1	A	A	1	33	33	33	NA	33	33	A	A	no	no	yes	yes	32	A:33	ok
RF00522__7REX_A	RF00522	URS00023119CB_2126436/1-34	34	34	G	65	Rfam.seed.gz	15.1	41f014f4ab5628620935f089b1bb77987ebc162fda7c72bff368a32c9cccabac	7REX	1	A	A	1	34	34	34	NA	34	34	G	G	no	no	yes	yes	33	A:34	ok
