rna	i	j	auth_i	auth_j	identity	mca_edge	orientation	star3d_label	star3d_WWc	canonical_identity	paper_rule_S1	in_ct	in_npk
3fu2a_A	1	20	1	22	AU	Ww/Ww	c	WWc	True	True	True	True	True
3fu2a_A	2	19	2	21	GC	Ww/Ww	c	WWc	True	True	True	True	True
3fu2a_A	2	21	2	23	GA	O2'/Ww	n	--h	False	False	False	False	False
3fu2a_A	3	18	3	20	AU	Ww/Ww	c	WWc	True	True	True	True	True
3fu2a_A	3	23	3	25	AA	Ss/Hw	t	SHt	False	False	False	False	False
3fu2a_A	4	17	4	19	GC	Ww/Ww	c	WWc	True	True	True	True	True
3fu2a_A	4	24	4	26	GA	O2'/Hh	n	--h	False	False	False	False	False
3fu2a_A	5	16	5	18	GC	Ww/Ww	c	WWc	True	True	True	True	True
3fu2a_A	5	26	5	28	GA	Ss/Ww	t	SWt	False	False	False	False	False
3fu2a_A	6	27	6	29	UA	Ww/Hh	c	WHc	False	True	False	False	False
3fu2a_A	7	28	7	30	UA	Ww/Hh	c	WHc	False	True	False	False	False
3fu2a_A	8	32	8	34	CA	Wh/Ww	c	WWc	True	False	False	True	False
3fu2a_A	9	31	9	33	UA	Ww/Ww	c	WWc	True	True	True	True	False
3fu2a_A	10	30	10	32	AU	Ww/Ws	c	WWc	True	True	False	True	False
3fu2a_A	11	14	11	16	GA	Ss/Ww	t	SWt	False	False	False	False	False
3fu2a_A	11	29	11	31	GC	Ww/Ww	c	WWc	True	True	True	True	False
3fu2a_A	16	27	18	29	CA	Ss/Wh	c	SWc	False	False	False	False	False
3fu2a_A	17	25	19	27	CA	Bs/Wh	c	--h	False	False	False	False	False
3fu2a_A	18	24	20	26	UA	Bs/Wh	c	--h	False	True	False	False	False
3fu2a_A	19	23	21	25	CA	O2'/Ww	n	--h	False	False	False	False	False
6vuia_A	1	20	1	20	CG	Ww/Ww	c	WWc	True	True	True	True	True
6vuia_A	2	19	2	19	UA	Ww/Ww	c	WWc	True	True	True	True	True
6vuia_A	2	23	2	23	UA	O2'/Ww	n	--h	False	True	False	False	False
6vuia_A	3	18	3	18	GC	Ww/Ww	c	WWc	True	True	True	True	True
6vuia_A	3	24	3	24	GA	Bs/O2P	n	--h	False	False	False	False	False
6vuia_A	4	17	4	17	GC	Ww/Ww	c	WWc	True	True	True	True	True
6vuia_A	5	16	5	16	GC	Ww/Ww	c	WWc	True	True	True	True	True
6vuia_A	5	27	5	27	GA	Ss/Ww	t	SWt	False	False	False	False	False
6vuia_A	6	28	6	28	UA	Ww/Hh	c	WHc	False	True	False	False	False
6vuia_A	7	11	7	11	CG	Wh/Hh	t	WHt	False	True	False	False	False
6vuia_A	8	10	8	10	GA	O2'/Hh	n	--h	False	False	False	False	False
6vuia_A	8	11	8	11	GG	Ww/O2P	n	--h	False	False	False	False	False
6vuia_A	8	31	8	31	GA	Ss/Ww	t	SWt	False	False	False	False	False
6vuia_A	9	33	9	33	CG	Ww/Ww	c	WWc	True	True	True	True	False
6vuia_A	10	32	10	32	AA	Ss/Hh	t	SHt	False	False	False	False	False
6vuia_A	11	14	11	14	GA	Ss/Ww	t	SWt	False	False	False	False	False
6vuia_A	11	30	11	30	GC	Ww/Ww	c	WWc	True	True	True	True	False
6vuia_A	16	28	16	28	CA	O2'/Ww	n	--h	False	False	False	False	False
6vuia_A	17	26	17	26	CA	Ss/Wh	c	SWc	False	False	False	False	False
6vuia_A	18	24	18	24	CA	O2'/Bh	n	--h	False	False	False	False	False
6vuia_A	19	23	19	23	AA	Ss/O2'	n	--h	False	False	False	False	False
6vuia_A	32	33	32	33	AG	O2P/Hh	n	--h	False	False	False	False	False
2gisa_A	1	93	1	93	GC	Ww/Ww	c	WWc	True	True	True	True	True
2gisa_A	2	92	2	92	GC	Ww/Ww	c	WWc	True	True	True	True	True
2gisa_A	3	91	3	91	CG	Ww/Ww	c	WWc	True	True	True	True	True
2gisa_A	4	90	4	90	UA	Ww/Ww	c	WWc	True	True	True	True	True
2gisa_A	5	89	5	89	UG	Ws/Ww	c	WWc	True	True	False	True	True
2gisa_A	6	88	6	88	AU	Ww/Ww	c	WWc	True	True	True	True	True
2gisa_A	7	87	7	87	UA	Ww/Ww	c	WWc	True	True	True	True	True
2gisa_A	8	86	8	86	CG	Ww/Ww	c	WWc	True	True	True	True	True
2gisa_A	11	44	11	44	GC	Ss/O2'	n	--h	False	True	False	False	False
2gisa_A	12	43	12	43	AG	Ss/Sw	c	SSc	False	False	False	False	False
2gisa_A	12	59	12	59	AC	Ww/O2'	n	--h	False	False	False	False	False
2gisa_A	13	41	13	41	GC	Ww/Ww	c	WWc	True	True	True	True	True
2gisa_A	15	40	15	40	GC	Ww/Ww	c	WWc	True	True	True	True	True
2gisa_A	16	39	16	39	GC	Ww/Ww	c	WWc	True	True	True	True	True
2gisa_A	17	38	17	38	UA	Ww/Ww	c	WWc	True	True	True	True	True
2gisa_A	18	36	18	36	GA	Ww/O2P	n	--h	False	False	False	False	False
2gisa_A	18	37	18	37	GA	Ss/Hh	t	SHt	False	False	False	False	False
2gisa_A	19	36	19	36	GA	Ss/Hh	t	SHt	False	False	False	False	False
2gisa_A	20	32	20	32	AG	Bs/Ss	t	--h	False	False	False	False	False
2gisa_A	20	35	20	35	AG	Hh/Ss	t	HSt	False	False	False	False	False
2gisa_A	21	31	21	31	GC	Ww/Ww	c	WWc	True	True	True	True	True
2gisa_A	21	36	21	36	GA	O2'/Ss	n	--h	False	False	False	False	False
2gisa_A	22	30	22	30	GC	Ww/Ww	c	WWc	True	True	True	True	True
2gisa_A	23	29	23	29	GC	Ww/Ww	c	WWc	True	True	True	True	True
2gisa_A	23	62	23	62	GA	Ss/Ww	t	SWt	False	False	False	False	False
2gisa_A	24	85	24	85	AA	Ww/O2'	n	--h	False	False	False	False	False
2gisa_A	25	68	25	68	CG	Ww/Ww	c	WWc	True	True	True	True	False
2gisa_A	26	67	26	67	UU	Ww/Ws	c	WWc	True	False	False	True	False
2gisa_A	27	66	27	66	GC	Ww/Ww	c	WWc	True	True	True	True	False
2gisa_A	28	65	28	65	GC	Ww/Ww	c	WWc	True	True	True	True	False
2gisa_A	30	61	30	61	CA	Ss/Wh	c	SWc	False	False	False	False	False
2gisa_A	42	60	42	60	GC	Ww/Ww	c	WWc	True	True	True	True	True
2gisa_A	43	59	43	59	GC	Ww/Ww	c	WWc	True	True	True	True	True
2gisa_A	44	58	44	58	CG	Ww/Ww	c	WWc	True	True	True	True	True
2gisa_A	47	56	47	56	CG	Ww/Ww	c	WWc	True	True	True	True	True
2gisa_A	48	55	48	55	CG	Ww/Ww	c	WWc	True	True	True	True	True
2gisa_A	49	54	49	54	AU	Ww/Ww	c	WWc	True	True	True	True	True
2gisa_A	50	52	50	52	GA	O2'/Hh	n	--h	False	False	False	False	False
2gisa_A	50	53	50	53	GA	Ss/Hh	t	SHt	False	False	False	False	False
2gisa_A	56	90	56	90	GA	Bs/O2P	n	--h	False	False	False	False	False
2gisa_A	64	85	64	85	UA	Ww/Ww	c	WWc	True	True	True	True	True
2gisa_A	68	69	68	69	GC	O2P/Bh	n	--h	False	True	False	False	False
2gisa_A	69	82	69	82	CG	Ww/Ww	c	WWc	True	True	True	True	True
2gisa_A	70	81	70	81	AU	Ww/Ww	c	WWc	True	True	True	True	True
2gisa_A	71	80	71	80	GU	Ww/Ws	c	WWc	True	True	False	True	True
2gisa_A	72	79	72	79	CG	Ww/Ww	c	WWc	True	True	True	True	True
2gisa_A	73	78	73	78	GC	Ww/Ww	c	WWc	True	True	True	True	True
2gisa_A	74	76	74	76	GA	O2'/Hh	n	--h	False	False	False	False	False
2gisa_A	74	77	74	77	GA	Sw/Hh	t	SHt	False	False	False	False	False
4kqya_A	1	119	0	118	GC	Ws/Ww	c	WWc	True	True	False	True	True
4kqya_A	2	118	1	117	UA	Ww/Ww	c	WWc	True	True	True	True	True
4kqya_A	3	117	2	116	UA	Ww/Ww	c	WWc	True	True	True	True	True
4kqya_A	4	116	3	115	CG	Ww/Ww	c	WWc	True	True	True	True	True
4kqya_A	5	115	4	114	UA	Ww/Ww	c	WWc	True	True	True	True	True
4kqya_A	6	114	5	113	UA	Ww/Ww	c	WWc	True	True	True	True	True
4kqya_A	7	113	6	112	AU	Ww/Ww	c	WWc	True	True	True	True	True
4kqya_A	8	112	7	111	UA	Ww/Ww	c	WWc	True	True	True	True	True
4kqya_A	9	111	8	110	CG	Ww/Ww	c	WWc	True	True	True	True	True
4kqya_A	12	46	11	45	GC	Ss/O2'	n	--h	False	True	False	False	False
4kqya_A	13	45	12	44	AG	Ss/Sw	c	SSc	False	False	False	False	False
4kqya_A	13	81	12	80	AC	Ww/O2'	n	--h	False	False	False	False	False
4kqya_A	14	43	13	42	GC	Ww/Ww	c	WWc	True	True	True	True	True
4kqya_A	17	40	16	39	GC	Ww/Ww	c	WWc	True	True	True	True	True
4kqya_A	18	39	17	38	CG	Ww/Ww	c	WWc	True	True	True	True	True
4kqya_A	19	38	18	37	AA	Ss/Wh	t	SWt	False	False	False	False	False
4kqya_A	20	36	19	35	GG	O2'/Bs	n	--h	False	False	False	False	False
4kqya_A	20	37	19	36	GA	Ss/Hh	t	SHt	False	False	False	False	False
4kqya_A	22	32	21	31	GC	Ww/Ww	c	WWc	True	True	True	True	True
4kqya_A	22	37	21	36	GA	O2'/Ss	n	--h	False	False	False	False	False
4kqya_A	23	31	22	30	GC	Ww/Ww	c	WWc	True	True	True	True	True
4kqya_A	24	30	23	29	GC	Ww/Ww	c	WWc	True	True	True	True	True
4kqya_A	24	84	23	83	GA	Ss/Ww	t	SWt	False	False	False	False	False
4kqya_A	25	110	24	109	AA	Ww/O2'	n	--h	False	False	False	False	False
4kqya_A	27	89	26	88	UA	Ww/Ww	c	WWc	True	True	True	True	False
4kqya_A	28	88	27	87	GC	Ww/Ww	c	WWc	True	True	True	True	False
4kqya_A	29	87	28	86	GC	Wh/Wh	c	WWc	True	True	False	True	False
4kqya_A	31	83	30	82	CA	Ss/Wh	c	SWc	False	False	False	False	False
4kqya_A	44	82	43	81	AU	Ww/Ww	c	WWc	True	True	True	True	True
4kqya_A	45	81	44	80	GC	Ww/Ww	c	WWc	True	True	True	True	True
4kqya_A	46	80	45	79	CG	Ww/Ww	c	WWc	True	True	True	True	True
4kqya_A	48	49	47	48	AC	Ss/Hw	c	SHc	False	False	False	False	False
4kqya_A	48	75	47	74	AA	O2'/Bh	n	--h	False	False	False	False	False
4kqya_A	49	78	48	77	CG	Ww/Ww	c	WWc	True	True	True	True	True
4kqya_A	50	77	49	76	CG	Ww/Ww	c	WWc	True	True	True	True	True
4kqya_A	51	74	50	73	GC	Ww/Ww	c	WWc	True	True	True	True	True
4kqya_A	52	73	51	72	GC	Ww/Ww	c	WWc	True	True	True	True	True
4kqya_A	53	72	52	71	UA	Ww/Ww	c	WWc	True	True	True	True	True
4kqya_A	54	71	53	70	GG	Ww/Wh	c	WWc	True	False	False	True	True
4kqya_A	57	70	56	69	AU	Ww/Ww	c	WWc	True	True	True	True	True
4kqya_A	58	69	57	68	UA	Ww/Ww	c	WWc	True	True	True	True	True
4kqya_A	59	68	58	67	GC	Ww/Ww	c	WWc	True	True	True	True	True
4kqya_A	60	67	59	66	GC	Ww/Ww	c	WWc	True	True	True	True	True
4kqya_A	61	66	60	65	CG	Ww/Ww	c	WWc	True	True	True	True	True
4kqya_A	62	64	61	63	GA	O2'/Hh	n	--h	False	False	False	False	False
4kqya_A	62	65	61	64	GA	Bs/O2P	n	--h	False	False	False	False	False
4kqya_A	78	115	77	114	GA	Bs/O2P	n	--h	False	False	False	False	False
4kqya_A	85	88	84	87	AC	Hh/O2P	n	--h	False	False	False	False	False
4kqya_A	86	110	85	109	UA	Ww/Ww	c	WWc	True	True	True	True	True
4kqya_A	90	91	89	90	GC	O2P/Bh	n	--h	False	True	False	False	False
4kqya_A	91	107	90	106	CG	Ww/Ww	c	WWc	True	True	True	True	True
4kqya_A	92	106	91	105	AU	Ww/Ww	c	WWc	True	True	True	True	True
4kqya_A	94	104	93	103	GC	Ww/Ww	c	WWc	True	True	True	True	True
4kqya_A	95	103	94	102	CG	Ww/Ww	c	WWc	True	True	True	True	True
4kqya_A	97	99	96	98	CA	O2'/Hh	n	--h	False	False	False	False	False
4kqya_A	97	100	96	99	CA	Ww/O2P	n	--h	False	False	False	False	False
4gxya_A	2	162	2	171	GU	Ww/Ws	c	WWc	True	True	False	True	True
4gxya_A	3	161	3	170	CG	Ww/Ws	c	WWc	True	True	False	True	True
4gxya_A	4	160	4	169	GC	Ww/Ww	c	WWc	True	True	True	True	True
4gxya_A	5	159	5	168	GC	Ws/Ww	c	WWc	True	True	False	True	True
4gxya_A	7	157	7	166	AU	Ww/Ww	c	WWc	True	True	True	True	True
4gxya_A	8	156	8	165	GC	Ww/Ww	c	WWc	True	True	True	True	True
4gxya_A	9	31	9	37	GA	Ss/Ss	t	SSt	False	False	False	False	False
4gxya_A	9	155	9	164	GC	Ww/Ww	c	WWc	True	True	True	True	True
4gxya_A	10	32	10	38	UA	O2'/Ss	n	--h	False	True	False	False	False
4gxya_A	10	154	10	163	UG	Ww/Ww	c	WWc	True	True	True	True	True
4gxya_A	11	34	11	40	GG	Ww/Hh	c	WHc	False	False	False	False	False
4gxya_A	11	151	11	160	GC	Hw/Wh	t	HWt	False	True	False	False	False
4gxya_A	11	152	11	161	GC	Wh/Hw	c	WHc	False	True	False	False	False
4gxya_A	12	27	12	33	CG	Ww/Ww	c	WWc	True	True	True	True	True
4gxya_A	13	26	13	32	UA	Wh/Bh	c	--h	False	True	False	False	False
4gxya_A	14	25	14	31	CG	Wh/Wh	c	WWc	True	True	False	True	True
4gxya_A	16	23	16	29	CG	Bh/Wh	c	--h	False	True	False	False	False
4gxya_A	16	24	16	30	CG	Ww/Bs	c	--h	False	True	False	False	False
4gxya_A	17	22	17	28	GC	Ww/Ww	c	WWc	True	True	True	True	True
4gxya_A	18	21	18	27	AU	Ww/Ww	c	WWc	True	True	True	True	True
4gxya_A	28	32	34	38	UA	Ws/Hh	t	WHt	False	True	False	False	False
4gxya_A	29	31	35	37	UA	Hh/O2P	n	--h	False	True	False	False	False
4gxya_A	29	32	35	38	UA	Ww/O2P	n	--h	False	True	False	False	False
4gxya_A	30	156	36	165	AC	Ss/O2'	n	--h	False	False	False	False	False
4gxya_A	33	149	39	158	AA	Hh/Ww	t	HWt	False	False	False	False	False
4gxya_A	33	153	39	162	AU	Ww/Ww	c	WWc	True	True	True	True	True
4gxya_A	34	152	40	161	GC	Ww/Ww	c	WWc	True	True	True	True	True
4gxya_A	37	58	43	64	AG	Ww/Sw	c	WSc	False	False	False	False	False
4gxya_A	38	142	44	151	AG	Ss/Ss	t	SSt	False	False	False	False	False
4gxya_A	39	55	45	61	GC	Ww/Ww	c	WWc	True	True	True	True	True
4gxya_A	40	54	46	60	CG	Ww/Ww	c	WWc	True	True	True	True	True
4gxya_A	41	53	47	59	CG	Ww/Ww	c	WWc	True	True	True	True	True
4gxya_A	42	52	48	58	GC	Ww/Ww	c	WWc	True	True	True	True	True
4gxya_A	43	51	49	57	GC	Ww/Ww	c	WWc	True	True	True	True	True
4gxya_A	44	48	50	54	UA	Ws/Hh	t	WHt	False	True	False	False	False
4gxya_A	45	47	51	53	GA	O2'/Hh	n	--h	False	False	False	False	False
4gxya_A	45	73	51	79	GA	Ss/Ww	c	SWc	False	False	False	False	False
4gxya_A	48	73	54	79	AA	Ww/O2'	n	--h	False	False	False	False	False
4gxya_A	49	141	55	150	GA	O2'/Ww	n	--h	False	False	False	False	False
4gxya_A	56	143	62	152	AU	Ww/Ww	c	WWc	True	True	True	True	False
4gxya_A	57	142	63	151	CG	Ww/Ww	c	WWc	True	True	True	True	False
4gxya_A	58	66	64	72	GC	Ww/Ww	c	WWc	True	True	True	True	True
4gxya_A	59	65	65	71	GC	Ww/Ww	c	WWc	True	True	True	True	True
4gxya_A	67	147	73	156	AG	Ww/Ww	c	WWc	True	False	False	True	True
4gxya_A	68	116	74	125	CA	O2'/Ww	n	--h	False	False	False	False	False
4gxya_A	68	146	74	155	CG	Ww/Ww	c	WWc	True	True	True	True	True
4gxya_A	69	145	75	154	UA	Ww/Ww	c	WWc	True	True	True	True	True
4gxya_A	70	144	76	153	GC	Ww/Ww	c	WWc	True	True	True	True	True
4gxya_A	71	141	77	150	UA	Ws/Hh	t	WHt	False	True	False	False	False
4gxya_A	72	141	78	150	GA	Ww/O2P	n	--h	False	False	False	False	False
4gxya_A	73	140	79	149	AG	O2P/Bs	n	--h	False	False	False	False	False
4gxya_A	74	139	80	148	CG	Ww/Ww	c	WWc	True	True	True	True	True
4gxya_A	75	138	81	147	GC	Ww/Ww	c	WWc	True	True	True	True	True
4gxya_A	76	137	82	146	GC	Ww/Ww	c	WWc	True	True	True	True	True
4gxya_A	77	135	83	144	GA	Ww/O2P	n	--h	False	False	False	False	False
4gxya_A	77	136	83	145	GU	Sw/Hw	t	SHt	False	True	False	False	False
4gxya_A	78	134	84	143	GG	Bs/O2'	n	--h	False	False	False	False	False
4gxya_A	78	135	84	144	GA	Sw/Hh	t	SHt	False	False	False	False	False
4gxya_A	79	131	85	140	AG	Ww/O2'	n	--h	False	False	False	False	False
4gxya_A	79	134	85	143	AG	Hh/Ss	t	HSt	False	False	False	False	False
4gxya_A	80	130	86	139	GC	Ww/Ww	c	WWc	True	True	True	True	True
4gxya_A	80	135	86	144	GA	O2'/Ww	n	--h	False	False	False	False	False
4gxya_A	81	129	87	138	UG	Ws/Ww	c	WWc	True	True	False	True	True
4gxya_A	82	128	88	137	CG	Ww/Ww	c	WWc	True	True	True	True	True
4gxya_A	83	127	89	136	GC	Ws/Ww	c	WWc	True	True	False	True	True
4gxya_A	84	126	90	135	CG	Ww/Ww	c	WWc	True	True	True	True	True
4gxya_A	85	125	91	134	CG	Wh/Wh	c	WWc	True	True	False	True	True
4gxya_A	86	124	92	133	CG	Ww/Ww	c	WWc	True	True	True	True	True
4gxya_A	88	122	94	131	UA	Ww/Ww	c	WWc	True	True	True	True	True
4gxya_A	89	121	95	130	CG	Ww/Ww	c	WWc	True	True	True	True	True
4gxya_A	95	120	101	129	GG	Hh/Bs	t	--h	False	False	False	False	False
4gxya_A	97	119	103	128	GC	Ww/Ww	c	WWc	True	True	True	True	True
4gxya_A	98	118	104	127	CG	Ww/Ww	c	WWc	True	True	True	True	True
4gxya_A	99	117	105	126	CG	Ww/Ww	c	WWc	True	True	True	True	True
4gxya_A	100	114	106	123	AG	Hh/Ss	t	HSt	False	False	False	False	False
4gxya_A	101	113	107	122	CG	Ww/Ww	c	WWc	True	True	True	True	True
4gxya_A	101	116	107	125	CA	O2'/Bh	n	--h	False	False	False	False	False
4gxya_A	102	112	108	121	UG	Ws/Ww	c	WWc	True	True	False	True	True
4gxya_A	103	111	109	120	GC	Ww/Ww	c	WWc	True	True	True	True	True
4gxya_A	104	110	110	119	GC	Ww/Ww	c	WWc	True	True	True	True	True
4gxya_A	105	109	111	118	CG	Ww/Ww	c	WWc	True	True	True	True	True
4gxya_A	106	108	112	117	CG	Ww/Ww	c	WWc	True	True	True	True	True
4gxya_A	113	148	122	157	GA	O2'/Ss	n	--h	False	False	False	False	False
4gxya_A	115	147	124	156	AG	Ss/O2'	n	--h	False	False	False	False	False
4gxya_A	116	146	125	155	AG	Ss/Sw	c	SSc	False	False	False	False	False
4gxya_A	134	135	143	144	GA	O2'/Hh	n	--h	False	False	False	False	False
4gxya_A	143	144	152	153	UC	O2P/Bh	n	--h	False	False	False	False	False
6vmya_A	2	121	203	322	GU	Ww/Ws	c	WWc	True	True	False	True	True
6vmya_A	3	120	204	321	UA	Ww/Ww	c	WWc	True	True	True	True	True
6vmya_A	4	119	205	320	CG	Ww/Ww	c	WWc	True	True	True	True	True
6vmya_A	5	118	206	319	AU	Ww/Ww	c	WWc	True	True	True	True	True
6vmya_A	6	117	207	318	AU	Ww/Ww	c	WWc	True	True	True	True	True
6vmya_A	7	116	208	317	AU	Ww/Ww	c	WWc	True	True	True	True	True
6vmya_A	8	115	209	316	UG	Ws/Ww	c	WWc	True	True	False	True	True
6vmya_A	9	114	210	315	AU	Ww/Ww	c	WWc	True	True	True	True	True
6vmya_A	10	113	211	314	GC	Ww/Ww	c	WWc	True	True	True	True	True
6vmya_A	11	40	212	241	GA	Ss/Ss	t	SSt	False	False	False	False	False
6vmya_A	11	112	212	313	GC	Ww/Ww	c	WWc	True	True	True	True	True
6vmya_A	12	41	213	242	UA	O2'/Ss	n	--h	False	True	False	False	False
6vmya_A	12	111	213	312	UG	Ws/Ww	c	WWc	True	True	False	True	True
6vmya_A	13	36	214	237	GC	Ww/Ww	c	WWc	True	True	True	True	True
6vmya_A	14	35	215	236	CG	Ww/Ww	c	WWc	True	True	True	True	True
6vmya_A	15	34	216	235	CG	Ww/Ww	c	WWc	True	True	True	True	True
6vmya_A	16	33	217	234	GC	Ww/Ww	c	WWc	True	True	True	True	True
6vmya_A	17	32	218	233	GC	Ww/Ww	c	WWc	True	True	True	True	True
6vmya_A	18	31	219	232	UG	Ws/Ww	c	WWc	True	True	False	True	True
6vmya_A	19	30	220	231	CA	Ww/Hh	t	WHt	False	False	False	False	False
6vmya_A	20	104	221	305	CG	Ww/Ww	c	WWc	True	True	True	True	False
6vmya_A	21	29	222	230	GC	Ww/Ww	c	WWc	True	True	True	True	True
6vmya_A	22	28	223	229	UA	Ww/Ww	c	WWc	True	True	True	True	True
6vmya_A	23	24	224	225	GA	O2'/Hh	n	--h	False	False	False	False	False
6vmya_A	23	25	224	226	GA	O2'/Hh	n	--h	False	False	False	False	False
6vmya_A	23	26	224	227	GC	Ww/O2P	n	--h	False	True	False	False	False
6vmya_A	23	27	224	228	GA	Sw/Hh	t	SHt	False	False	False	False	False
6vmya_A	37	41	238	242	UA	Ws/Hh	t	WHt	False	True	False	False	False
6vmya_A	38	40	239	241	UA	O2'/Hh	n	--h	False	True	False	False	False
6vmya_A	38	41	239	242	UA	Ww/O2P	n	--h	False	True	False	False	False
6vmya_A	39	113	240	314	AC	Ss/O2'	n	--h	False	False	False	False	False
6vmya_A	42	110	243	311	AU	Ww/Ww	c	WWc	True	True	True	True	True
6vmya_A	43	109	244	310	GC	Ww/Ww	c	WWc	True	True	True	True	True
6vmya_A	44	108	245	309	GC	Ww/Ww	c	WWc	True	True	True	True	True
6vmya_A	45	107	246	308	GA	Ww/Ww	c	WWc	True	False	False	True	True
6vmya_A	46	66	247	267	AG	Ww/Sw	c	WSc	False	False	False	False	False
6vmya_A	47	99	248	300	AG	Ss/Sw	t	SSt	False	False	False	False	False
6vmya_A	48	63	249	264	AU	Ww/Ws	c	WWc	True	True	False	True	True
6vmya_A	49	62	250	263	CG	Ww/Ww	c	WWc	True	True	True	True	True
6vmya_A	50	61	251	262	CG	Ww/Ww	c	WWc	True	True	True	True	True
6vmya_A	51	60	252	261	GC	Ww/Ww	c	WWc	True	True	True	True	True
6vmya_A	52	59	253	260	GC	Ww/Ww	c	WWc	True	True	True	True	True
6vmya_A	53	56	254	257	UA	Ww/Hh	c	WHc	False	True	False	False	False
6vmya_A	56	58	257	259	AG	Ss/Sw	t	SSt	False	False	False	False	False
6vmya_A	57	79	258	280	AU	Ww/O2'	n	--h	False	True	False	False	False
6vmya_A	57	98	258	299	AA	O2'/Ww	n	--h	False	False	False	False	False
6vmya_A	58	79	259	280	GU	Hh/O2'	n	--h	False	True	False	False	False
6vmya_A	58	80	259	281	GA	O2'/Ss	n	--h	False	False	False	False	False
6vmya_A	64	100	265	301	GC	Ww/Ww	c	WWc	True	True	True	True	False
6vmya_A	65	99	266	300	CG	Ww/Ww	c	WWc	True	True	True	True	False
6vmya_A	66	74	267	275	GC	Ww/Ww	c	WWc	True	True	True	True	True
6vmya_A	67	73	268	274	GC	Ww/Ww	c	WWc	True	True	True	True	True
6vmya_A	75	105	276	306	AA	Ww/Ww	c	WWc	True	False	False	True	True
6vmya_A	76	103	277	304	CG	Ww/Ww	c	WWc	True	True	True	True	True
6vmya_A	77	102	278	303	UA	Ww/Ww	c	WWc	True	True	True	True	True
6vmya_A	78	101	279	302	GC	Ww/Ww	c	WWc	True	True	True	True	True
6vmya_A	79	98	280	299	UA	Ws/Hh	t	WHt	False	True	False	False	False
6vmya_A	80	97	281	298	AG	O2'/Ww	n	--h	False	False	False	False	False
6vmya_A	80	98	281	299	AA	Bh/O2P	n	--h	False	False	False	False	False
6vmya_A	82	96	283	297	UA	Ww/Ww	c	WWc	True	True	True	True	True
6vmya_A	83	95	284	296	UA	Ww/Ww	c	WWc	True	True	True	True	True
6vmya_A	84	94	285	295	GC	Ww/Ww	c	WWc	True	True	True	True	True
6vmya_A	85	93	286	294	GC	Ww/Ww	c	WWc	True	True	True	True	True
6vmya_A	86	92	287	293	CG	Ww/Ww	c	WWc	True	True	True	True	True
6vmya_A	100	101	301	302	CC	O2P/Bh	n	--h	False	False	False	False	False
6vmya_A	104	105	305	306	GA	O2P/Hh	n	--h	False	False	False	False	False
7rexa_A	1	22	1	22	UA	Ww/Ww	c	WWc	True	True	True	True	True
7rexa_A	2	21	2	21	GC	Ww/Ww	c	WWc	True	True	True	True	True
7rexa_A	2	24	2	24	GA	Sw/Ww	t	SWt	False	False	False	False	False
7rexa_A	3	20	3	20	UA	Ww/Ww	c	WWc	True	True	True	True	True
7rexa_A	3	25	3	25	UA	Ss/Hw	c	SHc	False	True	False	False	False
7rexa_A	4	19	4	19	GC	Ww/Ww	c	WWc	True	True	True	True	True
7rexa_A	5	18	5	18	GC	Ww/Ww	c	WWc	True	True	True	True	True
7rexa_A	5	28	5	28	GA	Ss/Ww	t	SWt	False	False	False	False	False
7rexa_A	6	29	6	29	UA	Ww/Hh	c	WHc	False	True	False	False	False
7rexa_A	7	30	7	30	UA	Ww/Hh	c	WHc	False	True	False	False	False
7rexa_A	8	12	8	12	CA	Ww/Ww	t	WWt	False	False	False	False	False
7rexa_A	9	11	9	11	GA	O2'/Hh	n	--h	False	False	False	False	False
7rexa_A	9	12	9	12	GA	Ww/O2P	n	--h	False	False	False	False	False
7rexa_A	9	33	9	33	GA	Ss/Ww	t	SWt	False	False	False	False	False
7rexa_A	11	33	11	33	AA	Ww/O2'	n	--h	False	False	False	False	False
7rexa_A	12	14	12	14	AC	O2'/Bh	n	--h	False	False	False	False	False
7rexa_A	12	32	12	32	AU	Hh/Ww	c	HWc	False	True	False	False	False
7rexa_A	18	29	18	29	CA	O2'/Ww	n	--h	False	False	False	False	False
7rexa_A	19	27	19	27	CA	Bs/Wh	c	--h	False	False	False	False	False
7rexa_A	20	26	20	26	AA	O2'/Ww	n	--h	False	False	False	False	False
2gdix_X	2	79	11	88	GU	Ww/Ws	c	WWc	True	True	False	True	True
2gdix_X	3	78	12	87	AU	Ww/Ww	c	WWc	True	True	True	True	True
2gdix_X	4	77	13	86	CG	Ww/Ww	c	WWc	True	True	True	True	True
2gdix_X	5	76	14	85	UA	Ww/Ww	c	WWc	True	True	True	True	True
2gdix_X	6	42	15	51	CG	Ww/Ww	c	WWc	True	True	True	True	True
2gdix_X	7	41	16	50	GC	Ww/Ww	c	WWc	True	True	True	True	True
2gdix_X	8	40	17	49	GC	Ww/Ww	c	WWc	True	True	True	True	True
2gdix_X	8	47	17	56	GA	Ss/Ss	t	SSt	False	False	False	False	False
2gdix_X	9	39	18	48	GC	Ww/Ww	c	WWc	True	True	True	True	True
2gdix_X	10	33	19	42	GG	Ss/Ss	t	SSt	False	False	False	False	False
2gdix_X	10	38	19	47	GA	Ww/Ww	c	WWc	True	False	False	True	True
2gdix_X	11	36	20	45	UA	Ww/Ww	c	WWc	True	True	True	True	True
2gdix_X	11	63	20	72	UG	O2P/Ww	n	--h	False	True	False	False	False
2gdix_X	12	29	21	38	GC	Ww/Ww	c	WWc	True	True	True	True	True
2gdix_X	12	62	21	71	GU	Sw/Ws	c	SWc	False	True	False	False	False
2gdix_X	13	28	22	37	CG	Ww/Ww	c	WWc	True	True	True	True	True
2gdix_X	13	61	22	70	CA	O2'/Ss	n	--h	False	False	False	False	False
2gdix_X	14	15	23	24	CC	Ss/Hh	c	SHc	False	False	False	False	False
2gdix_X	14	27	23	36	CG	Ww/Ww	c	WWc	True	True	True	True	True
2gdix_X	15	28	24	37	CG	Hw/Ss	t	HSt	False	True	False	False	False
2gdix_X	16	26	25	35	UA	Ww/Ww	c	WWc	True	True	True	True	True
2gdix_X	17	25	26	34	UA	Ww/Ww	c	WWc	True	True	True	True	True
2gdix_X	18	24	27	33	CG	Ww/Ww	c	WWc	True	True	True	True	True
2gdix_X	19	23	28	32	UU	Ww/Ww	t	WWt	False	False	False	False	False
2gdix_X	28	60	37	69	GA	Sw/Ww	t	SWt	False	False	False	False	False
2gdix_X	29	61	38	70	CA	O2'/Bh	n	--h	False	False	False	False	False
2gdix_X	30	34	39	43	UA	Ws/Hh	t	WHt	False	True	False	False	False
2gdix_X	31	33	40	42	GG	O2'/Hh	n	--h	False	False	False	False	False
2gdix_X	31	34	40	43	GA	Ww/O2P	n	--h	False	False	False	False	False
2gdix_X	32	39	41	48	AC	Ss/O2'	n	--h	False	False	False	False	False
2gdix_X	32	48	41	57	AC	Bh/O2P	n	--h	False	False	False	False	False
2gdix_X	34	64	43	73	AC	Bh/O2P	n	--h	False	False	False	False	False
2gdix_X	41	75	50	84	CA	Ss/Bs	t	--h	False	False	False	False	False
2gdix_X	44	75	53	84	AA	Hh/Hh	t	HHt	False	False	False	False	False
2gdix_X	47	48	56	57	AC	O2P/Bh	n	--h	False	False	False	False	False
2gdix_X	47	74	56	83	AG	Hh/Ss	t	HSt	False	False	False	False	False
2gdix_X	48	73	57	82	CG	Ww/Ww	c	WWc	True	True	True	True	True
2gdix_X	49	63	58	72	CG	O2P/Bs	n	--h	False	True	False	False	False
2gdix_X	49	72	58	81	CG	Ww/Ww	c	WWc	True	True	True	True	True
2gdix_X	50	71	59	80	UA	Ww/Ww	c	WWc	True	True	True	True	True
2gdix_X	51	69	60	78	GG	Ww/Hh	c	WHc	False	False	False	False	False
2gdix_X	54	67	63	76	CG	Ww/Ww	c	WWc	True	True	True	True	True
2gdix_X	55	66	64	75	UA	Ww/Ww	c	WWc	True	True	True	True	True
2gdix_X	56	65	65	74	GC	Ww/Ww	c	WWc	True	True	True	True	True
2gdix_X	57	64	66	73	GC	Ww/Ww	c	WWc	True	True	True	True	True
2gdix_X	59	61	68	70	UA	O2'/Hh	n	--h	False	True	False	False	False
2gdix_X	59	62	68	71	UU	Ww/O2P	n	--h	False	False	False	False	False
2gdix_X	63	64	72	73	GC	O2P/Bh	n	--h	False	True	False	False	False
3d2ga_A	3	77	3	77	GC	Ww/Ww	c	WWc	True	True	True	True	True
3d2ga_A	4	76	4	76	AU	Ww/Ww	c	WWc	True	True	True	True	True
3d2ga_A	5	75	5	75	CG	Ww/Ww	c	WWc	True	True	True	True	True
3d2ga_A	6	73	6	73	CG	Ww/Ww	c	WWc	True	True	True	True	True
3d2ga_A	7	39	7	39	AU	Ww/Ww	c	WWc	True	True	True	True	True
3d2ga_A	8	38	8	38	GC	Ww/Ww	c	WWc	True	True	True	True	True
3d2ga_A	8	72	8	72	GA	Sw/Ss	c	SSc	False	False	False	False	False
3d2ga_A	9	37	9	37	GC	Ww/Ww	c	WWc	True	True	True	True	True
3d2ga_A	9	44	9	44	GA	Ss/Bs	t	--h	False	False	False	False	False
3d2ga_A	10	36	10	36	GC	Ww/Ww	c	WWc	True	True	True	True	True
3d2ga_A	11	30	11	30	GG	Ss/Ss	t	SSt	False	False	False	False	False
3d2ga_A	11	34	11	34	GG	Ww/Bh	c	--h	False	False	False	False	False
3d2ga_A	12	33	12	33	UA	Ww/Hh	c	WHc	False	True	False	False	False
3d2ga_A	13	26	13	26	GC	Ww/Ww	c	WWc	True	True	True	True	True
3d2ga_A	13	59	13	59	GU	Sw/Ws	c	SWc	False	True	False	False	False
3d2ga_A	14	25	14	25	CG	Ww/Ww	c	WWc	True	True	True	True	True
3d2ga_A	14	58	14	58	CA	O2'/Ss	n	--h	False	False	False	False	False
3d2ga_A	15	24	15	24	UG	Ws/Ww	c	WWc	True	True	False	True	True
3d2ga_A	16	23	16	23	UA	Ww/Ww	c	WWc	True	True	True	True	True
3d2ga_A	17	22	17	22	GC	Ww/Ww	c	WWc	True	True	True	True	True
3d2ga_A	18	20	18	20	UC	O2'/Bh	n	--h	False	False	False	False	False
3d2ga_A	19	21	19	21	UA	Ww/Hh	c	WHc	False	True	False	False	False
3d2ga_A	21	22	21	22	AC	O2P/Bh	n	--h	False	False	False	False	False
3d2ga_A	25	57	25	57	GA	Sw/Ww	t	SWt	False	False	False	False	False
3d2ga_A	27	31	27	31	UA	Ws/Hh	t	WHt	False	True	False	False	False
3d2ga_A	28	30	28	30	GG	O2'/Hh	n	--h	False	False	False	False	False
3d2ga_A	28	31	28	31	GA	Ww/O2P	n	--h	False	False	False	False	False
3d2ga_A	29	36	29	36	AC	Ss/O2'	n	--h	False	False	False	False	False
3d2ga_A	29	45	29	45	AC	Bh/O2P	n	--h	False	False	False	False	False
3d2ga_A	30	34	30	34	GG	O2'/Hh	n	--h	False	False	False	False	False
3d2ga_A	30	45	30	45	GC	Ww/O2P	n	--h	False	True	False	False	False
3d2ga_A	38	72	38	72	CA	O2'/Ww	n	--h	False	False	False	False	False
3d2ga_A	42	72	42	72	GA	Ss/Hh	t	SHt	False	False	False	False	False
3d2ga_A	43	68	43	68	AA	Ww/Hh	t	WHt	False	False	False	False	False
3d2ga_A	43	71	43	71	AG	O2P/Ww	n	--h	False	False	False	False	False
3d2ga_A	44	71	44	71	AG	Hh/Ss	t	HSt	False	False	False	False	False
3d2ga_A	45	70	45	70	CG	Ww/Ww	c	WWc	True	True	True	True	True
3d2ga_A	46	69	46	69	CG	Ww/Ww	c	WWc	True	True	True	True	True
3d2ga_A	47	68	47	68	UA	Ww/Ww	c	WWc	True	True	True	True	True
3d2ga_A	48	66	48	66	GG	Ww/Hh	c	WHc	False	False	False	False	False
3d2ga_A	49	65	49	65	AC	Wh/Ws	t	WWt	False	False	False	False	False
3d2ga_A	51	64	51	64	CG	Ww/Ww	c	WWc	True	True	True	True	True
3d2ga_A	52	63	52	63	AU	Ww/Ww	c	WWc	True	True	True	True	True
3d2ga_A	53	62	53	62	GC	Ww/Ww	c	WWc	True	True	True	True	True
3d2ga_A	54	61	54	61	GC	Ww/Ww	c	WWc	True	True	True	True	True
3d2ga_A	56	58	56	58	UA	O2'/Hh	n	--h	False	True	False	False	False
3d2ga_A	56	59	56	59	UU	Ww/O2P	n	--h	False	False	False	False	False
3d2ga_A	60	61	60	61	GC	O2P/Bh	n	--h	False	True	False	False	False
5u3gb_B	2	39	2	39	GC	Ww/Ww	c	WWc	True	True	True	True	True
5u3gb_B	3	38	3	38	UA	Ww/Ww	c	WWc	True	True	True	True	True
5u3gb_B	4	37	4	37	GU	Ww/Ws	c	WWc	True	True	False	True	True
5u3gb_B	5	36	5	36	AU	Ww/Ww	c	WWc	True	True	True	True	True
5u3gb_B	6	35	6	35	CG	Ww/Ww	c	WWc	True	True	True	True	True
5u3gb_B	7	32	7	32	UA	Ws/Hh	t	WHt	False	True	False	False	False
5u3gb_B	8	31	8	31	AG	Hh/Ss	t	HSt	False	False	False	False	False
5u3gb_B	8	75	8	75	AG	Ww/O2'	n	--h	False	False	False	False	False
5u3gb_B	9	30	9	30	GC	Ww/Ww	c	WWc	True	True	True	True	True
5u3gb_B	9	74	9	74	GA	Sw/Ss	c	SSc	False	False	False	False	False
5u3gb_B	9	75	9	75	GG	O2'/Hh	n	--h	False	False	False	False	False
5u3gb_B	10	29	10	29	GC	Ww/Ww	c	WWc	True	True	True	True	True
5u3gb_B	10	72	10	72	GA	Sw/Ww	c	SWc	False	False	False	False	False
5u3gb_B	10	73	10	73	GA	O2'/Ss	n	--h	False	False	False	False	False
5u3gb_B	11	28	11	28	GU	Ww/Bh	c	--h	False	True	False	False	False
5u3gb_B	11	71	11	71	GA	Sw/Ww	c	SWc	False	False	False	False	False
5u3gb_B	11	72	11	72	GA	O2'/Ss	n	--h	False	False	False	False	False
5u3gb_B	12	14	12	14	UC	Ws/Hw	c	WHc	False	False	False	False	False
5u3gb_B	13	28	13	28	UU	Wh/Ww	c	WWc	True	False	False	True	True
5u3gb_B	14	27	14	27	CG	Ww/Ww	c	WWc	True	True	True	True	True
5u3gb_B	15	26	15	26	CG	Ww/Ww	c	WWc	True	True	True	True	True
5u3gb_B	16	25	16	25	GC	Ww/Ww	c	WWc	True	True	True	True	True
5u3gb_B	17	24	17	24	GC	Ww/Ww	c	WWc	True	True	True	True	True
5u3gb_B	18	23	18	23	CG	Ww/Ww	c	WWc	True	True	True	True	True
5u3gb_B	19	22	19	22	GA	Ww/O2P	n	--h	False	False	False	False	False
5u3gb_B	29	71	29	71	CA	Ss/Wh	t	SWt	False	False	False	False	False
5u3gb_B	30	74	30	74	CA	O2'/Ww	n	--h	False	False	False	False	False
5u3gb_B	33	61	33	61	GA	Ss/Ss	t	SSt	False	False	False	False	False
5u3gb_B	33	63	33	63	GG	Ww/Hw	t	WHt	False	False	False	False	False
5u3gb_B	41	58	41	58	GU	Ww/Ws	c	WWc	True	True	False	True	True
5u3gb_B	42	57	42	57	AU	Ww/Ww	c	WWc	True	True	True	True	True
5u3gb_B	43	56	43	56	CG	Ww/Ww	c	WWc	True	True	True	True	True
5u3gb_B	44	55	44	55	CG	Ww/Ww	c	WWc	True	True	True	True	True
5u3gb_B	45	54	45	54	GC	Ww/Ww	c	WWc	True	True	True	True	True
5u3gb_B	46	53	46	53	CG	Ww/Ww	c	WWc	True	True	True	True	True
5u3gb_B	47	52	47	52	CG	Ww/Ww	c	WWc	True	True	True	True	True
5u3gb_B	48	50	48	50	GA	O2'/Hh	n	--h	False	False	False	False	False
5u3gb_B	48	51	48	51	GA	Sw/Hh	t	SHt	False	False	False	False	False
5u3gb_B	60	80	60	80	CG	Ww/Ww	c	WWc	True	True	True	True	False
5u3gb_B	62	83	62	83	CG	Ww/Ww	c	WWc	True	True	True	True	True
5u3gb_B	63	81	63	81	GG	Ww/O2P	n	--h	False	False	False	False	False
5u3gb_B	63	82	63	82	GA	Ss/Hh	t	SHt	False	False	False	False	False
5u3gb_B	64	81	64	81	GG	Hh/Ww	t	HWt	False	False	False	False	False
5u3gb_B	66	78	66	78	GC	Ww/Ww	c	WWc	True	True	True	True	True
5u3gb_B	67	77	67	77	GC	Ww/Ww	c	WWc	True	True	True	True	True
5u3gb_B	68	76	68	76	GC	Ww/Ww	c	WWc	True	True	True	True	True
5u3gb_B	69	74	69	74	AA	Hh/Hh	t	HHt	False	False	False	False	False
5u3gb_B	75	76	75	76	GC	O2P/Bh	n	--h	False	True	False	False	False
5u3gb_B	84	85	84	85	GA	Sw/Hh	c	SHc	False	False	False	False	False
7mlwf_F	1	59	1	62	GC	Ww/Ws	c	WWc	True	True	False	True	True
7mlwf_F	2	58	2	61	GC	Ww/Ww	c	WWc	True	True	True	True	True
7mlwf_F	3	57	3	60	AU	Ww/Ww	c	WWc	True	True	True	True	True
7mlwf_F	4	56	4	59	UA	Ww/Ww	c	WWc	True	True	True	True	True
7mlwf_F	5	55	5	58	CA	Wh/Ww	c	WWc	True	False	False	True	True
7mlwf_F	6	54	6	57	GC	Ww/Ww	c	WWc	True	True	True	True	True
7mlwf_F	7	53	7	56	CG	Ww/Ww	c	WWc	True	True	True	True	True
7mlwf_F	8	50	8	53	UA	Ws/Hh	t	WHt	False	True	False	False	False
7mlwf_F	9	49	9	52	AG	Hh/Ss	t	HSt	False	False	False	False	False
7mlwf_F	9	116	9	119	AG	Ww/O2'	n	--h	False	False	False	False	False
7mlwf_F	10	48	10	51	GC	Ww/Ww	c	WWc	True	True	True	True	True
7mlwf_F	10	115	10	118	GA	Sw/Ss	c	SSc	False	False	False	False	False
7mlwf_F	10	116	10	119	GG	O2'/Bs	n	--h	False	False	False	False	False
7mlwf_F	11	47	11	50	GC	Ww/Ww	c	WWc	True	True	True	True	True
7mlwf_F	11	114	11	117	GA	O2'/Ss	n	--h	False	False	False	False	False
7mlwf_F	12	14	12	14	GU	Ws/Hw	c	WHc	False	True	False	False	False
7mlwf_F	12	112	12	115	GA	Sw/Ww	c	SWc	False	False	False	False	False
7mlwf_F	12	113	12	116	GA	O2'/Ss	n	--h	False	False	False	False	False
7mlwf_F	13	15	13	15	UC	Ws/Hw	c	WHc	False	False	False	False	False
7mlwf_F	13	41	13	44	UG	O2'/Hh	n	--h	False	True	False	False	False
7mlwf_F	15	45	15	48	CG	Ww/Ww	c	WWc	True	True	True	True	True
7mlwf_F	16	41	16	44	CG	Wh/Wh	c	WWc	True	True	False	True	False
7mlwf_F	16	44	16	47	CG	Ww/Ww	c	WWc	True	True	True	False	False
7mlwf_F	17	42	17	45	GC	Ww/Ww	c	WWc	True	True	True	True	True
7mlwf_F	17	43	17	46	GU	Sw/Hw	t	SHt	False	True	False	False	False
7mlwf_F	18	40	18	43	GU	Ww/Ws	c	WWc	True	True	False	True	True
7mlwf_F	19	39	19	42	UA	Ww/Ww	c	WWc	True	True	True	True	True
7mlwf_F	20	38	20	41	CG	Ww/Ww	c	WWc	True	True	True	True	True
7mlwf_F	21	37	21	40	GC	Ww/Ww	c	WWc	True	True	True	True	True
7mlwf_F	22	36	22	39	UA	Ww/Ww	c	WWc	True	True	True	True	True
7mlwf_F	23	35	23	38	GC	Ww/Ww	c	WWc	True	True	True	True	True
7mlwf_F	24	34	24	37	CG	Ww/Ww	c	WWc	True	True	True	True	True
7mlwf_F	25	33	25	36	GC	Wh/Bh	c	--h	False	True	False	False	False
7mlwf_F	26	32	26	35	GC	Ww/Ww	c	WWc	True	True	True	True	True
7mlwf_F	27	31	27	34	CG	Ww/Ww	c	WWc	True	True	True	True	True
7mlwf_F	28	29	28	29	GU	O2'/Hh	n	--h	False	True	False	False	False
7mlwf_F	28	30	28	33	GC	Ww/Ww	c	WWc	True	True	True	True	True
7mlwf_F	32	33	35	36	CC	O2'/Hh	n	--h	False	False	False	False	False
7mlwf_F	41	43	44	46	GU	Bs/O2P	n	--h	False	True	False	False	False
7mlwf_F	41	44	44	47	GG	Ww/Hh	c	WHc	False	False	False	False	False
7mlwf_F	48	115	51	118	CA	O2'/Ww	n	--h	False	False	False	False	False
7mlwf_F	51	102	54	105	GA	O2'/Ww	n	--h	False	False	False	False	False
7mlwf_F	51	104	54	107	GG	Ww/Hw	t	WHt	False	False	False	False	False
7mlwf_F	61	98	64	101	GC	Bs/Ww	c	--h	False	True	False	False	False
7mlwf_F	63	96	66	99	CG	Ws/Sw	t	WSt	False	True	False	False	False
7mlwf_F	65	94	68	97	UG	Ws/Ww	c	WWc	True	True	False	True	True
7mlwf_F	66	93	69	96	GC	Ww/Ww	c	WWc	True	True	True	True	True
7mlwf_F	67	92	70	95	CG	Wh/Bh	c	--h	False	True	False	False	False
7mlwf_F	68	91	71	94	CG	Ww/Ww	c	WWc	True	True	True	True	True
7mlwf_F	70	89	73	92	UA	Ww/Ww	c	WWc	True	True	True	True	True
7mlwf_F	71	82	74	85	CC	Bh/O2P	n	--h	False	False	False	False	False
7mlwf_F	72	87	75	90	GA	Ww/Ww	c	WWc	True	False	False	True	True
7mlwf_F	73	86	76	89	CG	Ww/Ww	c	WWc	True	True	True	True	True
7mlwf_F	74	85	77	88	CG	Ww/Ww	c	WWc	True	True	True	True	True
7mlwf_F	75	84	78	87	UA	Ww/Ww	c	WWc	True	True	True	True	True
7mlwf_F	76	83	79	86	CG	Ww/Ww	c	WWc	True	True	True	True	True
7mlwf_F	78	81	81	84	UG	Bs/Ws	t	--h	False	True	False	False	False
7mlwf_F	81	82	84	85	GC	O2'/Hh	n	--h	False	True	False	False	False
7mlwf_F	83	84	86	87	GA	O2'/Hh	n	--h	False	False	False	False	False
7mlwf_F	101	121	104	124	CG	Ww/Ww	c	WWc	True	True	True	True	True
7mlwf_F	103	124	106	127	CG	Ww/Ww	c	WWc	True	True	True	True	False
7mlwf_F	104	122	107	125	GG	Ww/O2P	n	--h	False	False	False	False	False
7mlwf_F	104	123	107	126	GA	Ss/Hh	t	SHt	False	False	False	False	False
7mlwf_F	105	122	108	125	GG	Hh/Ww	t	HWt	False	False	False	False	False
7mlwf_F	106	120	109	123	AG	Hw/Bh	t	--h	False	False	False	False	False
7mlwf_F	107	119	110	122	GC	Ww/Ww	c	WWc	True	True	True	True	True
7mlwf_F	108	118	111	121	GC	Ww/Ww	c	WWc	True	True	True	True	True
7mlwf_F	109	117	112	120	GC	Ww/Ww	c	WWc	True	True	True	True	True
7mlwf_F	110	115	113	118	AA	Ww/Hh	t	WHt	False	False	False	False	False
7mlwf_F	111	114	114	117	UA	Ws/Hh	t	WHt	False	True	False	False	False
