rep_id	i	j	label	kind	pair_class	nt_i	nt_j	crossing
RF00059__3D2G_A	3	77	cWW	basepair	canonical	G	C	0
RF00059__3D2G_A	4	76	cWW	basepair	canonical	A	U	0
RF00059__3D2G_A	5	75	cWW	basepair	canonical	C	G	0
RF00059__3D2G_A	6	73	cWW	basepair	canonical	C	G	0
RF00059__3D2G_A	7	39	cWW	basepair	canonical	A	U	0
RF00059__3D2G_A	8	72	cSS	basepair	noncanonical	G	A	1
RF00059__3D2G_A	8	38	cWW	basepair	canonical	G	C	0
RF00059__3D2G_A	9	37	cWW	basepair	canonical	G	C	0
RF00059__3D2G_A	9	44	tSS	basepair	noncanonical	G	A	2
RF00059__3D2G_A	10	36	cWW	basepair	canonical	G	C	0
RF00059__3D2G_A	11	30	tSS	basepair	noncanonical	G	G	0
RF00059__3D2G_A	12	33	cWH	basepair	noncanonical	U	A	0
RF00059__3D2G_A	13	59	cSS	basepair	noncanonical	G	U	11
RF00059__3D2G_A	13	26	cWW	basepair	canonical	G	C	0
RF00059__3D2G_A	14	58	cSS	basepair	noncanonical	C	A	12
RF00059__3D2G_A	14	25	cWW	basepair	canonical	C	G	0
RF00059__3D2G_A	15	24	cWW	basepair	wobble	U	G	0
RF00059__3D2G_A	16	23	cWW	basepair	canonical	U	A	0
RF00059__3D2G_A	17	22	cWW	basepair	canonical	G	C	0
RF00059__3D2G_A	19	21	cWH	basepair	noncanonical	U	A	0
RF00059__3D2G_A	27	31	tWH	basepair	noncanonical	U	A	0
RF00059__3D2G_A	29	36	cSS	basepair	noncanonical	A	C	0
RF00059__3D2G_A	37	44	cSS	basepair	noncanonical	C	A	2
RF00059__3D2G_A	38	72	tSS	basepair	noncanonical	C	A	1
RF00059__3D2G_A	42	72	tSH	basepair	noncanonical	G	A	0
RF00059__3D2G_A	43	68	tWH	basepair	noncanonical	A	A	2
RF00059__3D2G_A	44	71	tHS	basepair	noncanonical	A	G	0
RF00059__3D2G_A	45	70	cWW	basepair	canonical	C	G	0
RF00059__3D2G_A	46	69	cWW	basepair	canonical	C	G	0
RF00059__3D2G_A	47	68	cWW	basepair	canonical	U	A	0
RF00059__3D2G_A	48	66	cWH	basepair	noncanonical	G	G	0
RF00059__3D2G_A	51	64	cWW	basepair	canonical	C	G	0
RF00059__3D2G_A	52	63	cWW	basepair	canonical	A	U	0
RF00059__3D2G_A	53	62	cWW	basepair	canonical	G	C	0
RF00059__3D2G_A	54	61	cWW	basepair	canonical	G	C	0
RF00059__3D2G_A	1	2	s35	stack	stack	G	G	0
RF00059__3D2G_A	2	3	s35	stack	stack	G	G	0
RF00059__3D2G_A	3	4	s35	stack	stack	G	A	0
RF00059__3D2G_A	4	5	s35	stack	stack	A	C	0
RF00059__3D2G_A	5	6	s35	stack	stack	C	C	0
RF00059__3D2G_A	6	7	s35	stack	stack	C	A	0
RF00059__3D2G_A	6	75	s55	stack	stack	C	G	0
RF00059__3D2G_A	7	8	s35	stack	stack	A	G	0
RF00059__3D2G_A	7	73	s55	stack	stack	A	G	0
RF00059__3D2G_A	8	9	s35	stack	stack	G	G	0
RF00059__3D2G_A	8	39	s55	stack	stack	G	U	0
RF00059__3D2G_A	9	10	s35	stack	stack	G	G	0
RF00059__3D2G_A	9	38	s55	stack	stack	G	C	0
RF00059__3D2G_A	10	11	s35	stack	stack	G	G	0
RF00059__3D2G_A	10	37	s55	stack	stack	G	C	0
RF00059__3D2G_A	11	12	s35	stack	stack	G	U	0
RF00059__3D2G_A	12	32	s33	stack	stack	U	A	0
RF00059__3D2G_A	13	27	ns55	stack	stack	G	U	0
RF00059__3D2G_A	13	14	s35	stack	stack	G	C	0
RF00059__3D2G_A	13	31	s53	stack	stack	G	A	0
RF00059__3D2G_A	14	15	s35	stack	stack	C	U	0
RF00059__3D2G_A	15	16	s35	stack	stack	U	U	0
RF00059__3D2G_A	15	25	s55	stack	stack	U	G	0
RF00059__3D2G_A	16	17	s35	stack	stack	U	G	0
RF00059__3D2G_A	16	24	s55	stack	stack	U	G	0
RF00059__3D2G_A	17	21	ns33	stack	stack	G	A	0
RF00059__3D2G_A	17	19	s33	stack	stack	G	U	0
RF00059__3D2G_A	17	23	s55	stack	stack	G	A	0
RF00059__3D2G_A	19	20	s53	stack	stack	U	C	0
RF00059__3D2G_A	20	21	s35	stack	stack	C	A	0
RF00059__3D2G_A	21	22	s35	stack	stack	A	C	0
RF00059__3D2G_A	22	23	s35	stack	stack	C	A	0
RF00059__3D2G_A	23	24	s35	stack	stack	A	G	0
RF00059__3D2G_A	24	25	s35	stack	stack	G	G	0
RF00059__3D2G_A	25	26	s35	stack	stack	G	C	0
RF00059__3D2G_A	26	27	s35	stack	stack	C	U	0
RF00059__3D2G_A	27	28	s35	stack	stack	U	G	0
RF00059__3D2G_A	28	30	s33	stack	stack	G	G	0
RF00059__3D2G_A	28	31	s55	stack	stack	G	A	0
RF00059__3D2G_A	29	30	s35	stack	stack	A	G	0
RF00059__3D2G_A	33	34	s53	stack	stack	A	G	0
RF00059__3D2G_A	34	36	s55	stack	stack	G	C	0
RF00059__3D2G_A	35	36	ns33	stack	stack	U	C	0
RF00059__3D2G_A	36	37	s35	stack	stack	C	C	0
RF00059__3D2G_A	37	38	s35	stack	stack	C	C	0
RF00059__3D2G_A	38	39	s35	stack	stack	C	U	0
RF00059__3D2G_A	40	72	ns53	stack	stack	U	A	0
RF00059__3D2G_A	40	42	s55	stack	stack	U	G	0
RF00059__3D2G_A	42	71	s33	stack	stack	G	G	0
RF00059__3D2G_A	43	66	s35	stack	stack	A	G	3
RF00059__3D2G_A	44	45	s35	stack	stack	A	C	0
RF00059__3D2G_A	44	72	s55	stack	stack	A	A	0
RF00059__3D2G_A	45	46	s35	stack	stack	C	C	0
RF00059__3D2G_A	45	71	s55	stack	stack	C	G	0
RF00059__3D2G_A	46	47	s35	stack	stack	C	U	0
RF00059__3D2G_A	46	70	s55	stack	stack	C	G	0
RF00059__3D2G_A	47	48	s35	stack	stack	U	G	0
RF00059__3D2G_A	47	69	s55	stack	stack	U	G	0
RF00059__3D2G_A	48	49	s33	stack	stack	G	A	0
RF00059__3D2G_A	48	68	s55	stack	stack	G	A	0
RF00059__3D2G_A	49	51	s55	stack	stack	A	C	0
RF00059__3D2G_A	51	52	s35	stack	stack	C	A	0
RF00059__3D2G_A	52	53	s35	stack	stack	A	G	0
RF00059__3D2G_A	52	64	s55	stack	stack	A	G	0
RF00059__3D2G_A	53	54	s35	stack	stack	G	G	0
RF00059__3D2G_A	53	63	s55	stack	stack	G	U	0
RF00059__3D2G_A	54	55	s35	stack	stack	G	G	0
RF00059__3D2G_A	54	62	s55	stack	stack	G	C	0
RF00059__3D2G_A	55	56	s35	stack	stack	G	U	0
RF00059__3D2G_A	55	61	s55	stack	stack	G	C	0
RF00059__3D2G_A	57	58	s35	stack	stack	A	A	0
RF00059__3D2G_A	58	59	s35	stack	stack	A	U	0
RF00059__3D2G_A	59	61	s35	stack	stack	U	C	0
RF00059__3D2G_A	61	62	s35	stack	stack	C	C	0
RF00059__3D2G_A	62	63	s35	stack	stack	C	U	0
RF00059__3D2G_A	63	64	s35	stack	stack	U	G	0
RF00059__3D2G_A	64	65	s35	stack	stack	G	C	0
RF00059__3D2G_A	65	66	s33	stack	stack	C	G	0
RF00059__3D2G_A	66	68	s55	stack	stack	G	A	0
RF00059__3D2G_A	68	69	s35	stack	stack	A	G	0
RF00059__3D2G_A	69	70	s35	stack	stack	G	G	0
RF00059__3D2G_A	70	71	s35	stack	stack	G	G	0
RF00059__3D2G_A	71	72	ns35	stack	stack	G	A	0
RF00059__3D2G_A	73	75	s35	stack	stack	G	G	0
RF00059__3D2G_A	75	76	s35	stack	stack	G	U	0
RF00059__3D2G_A	76	77	s35	stack	stack	U	C	0
