pair	source_idx	nt	rfam_C1p(shared)	star3d_C1p(shared)	rfam_C1p(flank_excl)	star3d_C1p(flank_excl)	closer_shared	closer_flank_excl	agree
RF00522__6VUI_A__7REX_A	7	C	5.25	3.25	5.48	2.32	STAR3D	STAR3D	yes
RF00522__6VUI_A__7REX_A	8	G	3.39	9.96	4.0	10.72	Rfam	Rfam	yes
RF00522__6VUI_A__7REX_A	9	C	3.48	3.41	4.62	4.52	within_1A	within_1A	yes
RF00522__6VUI_A__7REX_A	10	A	2.93	4.25	3.44	4.09	Rfam	within_1A	NO
RF00522__6VUI_A__7REX_A	11	G	3.27	8.72	3.95	8.77	Rfam	Rfam	yes
RF00522__6VUI_A__7REX_A	12	U	4.73	1.34	4.14	2.55	STAR3D	STAR3D	yes
RF00522__6VUI_A__7REX_A	13	A	NA	1.82	NA	2.35	NA	NA	yes
RF00522__6VUI_A__7REX_A	14	A	6.43	1.62	5.86	1.6	STAR3D	STAR3D	yes
RF00522__6VUI_A__7REX_A	15	C	6.09	0.61	6.09	0.83	STAR3D	STAR3D	yes
RF00522__6VUI_A__7REX_A	16	C	6.62	0.61	6.74	0.55	STAR3D	STAR3D	yes
RF00522__6VUI_A__7REX_A	17	C	6.11	1.06	6.12	0.72	STAR3D	STAR3D	yes
RF00522__6VUI_A__7REX_A	18	C	6.4	1.53	6.17	1.03	STAR3D	STAR3D	yes
RF00522__6VUI_A__7REX_A	19	A	6.2	1.72	5.8	0.94	STAR3D	STAR3D	yes
RF00522__6VUI_A__7REX_A	20	G	7.26	2.67	6.86	1.83	STAR3D	STAR3D	yes
RF00522__6VUI_A__7REX_A	21	U	8.58	3.19	7.11	2.33	STAR3D	STAR3D	yes
RF00522__6VUI_A__7REX_A	22	U	5.64	6.16	6.35	6.29	within_1A	within_1A	yes
RF00522__6VUI_A__7REX_A	23	A	4.4	NA	4.39	NA	NA	NA	yes
RF00522__3FU2_A__7REX_A	9	U	7.05	5.91	7.67	6.39	STAR3D	STAR3D	yes
RF00522__3FU2_A__7REX_A	10	A	5.7	2.66	5.6	3.44	STAR3D	STAR3D	yes
RF00522__3FU2_A__7REX_A	11	G	3.76	10.31	2.92	9.1	Rfam	Rfam	yes
RF00522__3FU2_A__7REX_A	12	C	NA	NA	NA	NA	NA	NA	yes
RF00522__3FU2_A__7REX_A	15	C	NA	4.72	NA	3.84	NA	NA	yes
RF00522__3FU2_A__7REX_A	16	A	7.9	2.51	6.83	1.99	STAR3D	STAR3D	yes
RF00522__3FU2_A__7REX_A	17	C	6.79	1.55	6.19	0.68	STAR3D	STAR3D	yes
RF00522__3FU2_A__7REX_A	18	C	6.69	1.26	6.37	0.21	STAR3D	STAR3D	yes
RF00522__3FU2_A__7REX_A	19	C	5.93	0.89	5.59	0.22	STAR3D	STAR3D	yes
RF00522__3FU2_A__7REX_A	20	U	6.0	0.82	5.65	0.41	STAR3D	STAR3D	yes
RF00522__3FU2_A__7REX_A	21	C	5.47	0.42	5.1	0.24	STAR3D	STAR3D	yes
RF00522__3FU2_A__7REX_A	22	U	6.27	0.86	5.89	0.48	STAR3D	STAR3D	yes
