url	local_path	retrieved_utc	http_status	bytes	sha256	note
https://files.rcsb.org/download/3SD3.cif.gz	inputs/structures/mmcif/3SD3.cif.gz	2026-10-09T05:19:29+00:00	200	115742	bfa927cd894523b89e025c5ccf8c59133e958ba5cc1ecb4e4b8d2acd3e9bfdd1	v3 screening
https://files.rcsb.org/download/3SUH.cif.gz	inputs/structures/mmcif/3SUH.cif.gz	2026-10-09T05:19:29+00:00	200	68265	ce117781c1f661f7befb64c73b2e62b57eafa3cfd8e554ee81a9b72cfdd99bb1	v3 screening
https://files.rcsb.org/download/3SUX.cif.gz	inputs/structures/mmcif/3SUX.cif.gz	2026-10-09T05:19:30+00:00	200	66720	a310298c7ee7287ea6225dbcf010426fbf2b9f3efb756b152c7083a98c11d923	v3 screening
https://files.rcsb.org/download/3SUY.cif.gz	inputs/structures/mmcif/3SUY.cif.gz	2026-10-09T05:19:30+00:00	200	64958	978dde7d6e061f581be248f6a614c6ea25dfbfec6f4ae2480c5a616f68396db7	v3 screening
https://files.rcsb.org/download/4LVV.cif.gz	inputs/structures/mmcif/4LVV.cif.gz	2026-10-09T05:19:31+00:00	200	62829	3e411b715f1089a80840f8d430ddac8a417d81e5c3b445c5fedaead8842d52e3	v3 screening
https://files.rcsb.org/download/4LVW.cif.gz	inputs/structures/mmcif/4LVW.cif.gz	2026-10-09T05:19:32+00:00	200	65366	ce86abe532442e0d1f8c9fe4ad2df2f71f40d09e8f2c2cd9bfe5c77c1b209737	v3 screening
https://files.rcsb.org/download/4LVX.cif.gz	inputs/structures/mmcif/4LVX.cif.gz	2026-10-09T05:19:32+00:00	200	64572	761b25a078107780fbbc6a9132437b4a9bff9d973626861982a0c87a1ebb9958	v3 screening
https://files.rcsb.org/download/4LVY.cif.gz	inputs/structures/mmcif/4LVY.cif.gz	2026-10-09T05:19:33+00:00	200	64730	e86c3aefa463bea34865f5c7e0832f44d51d20f5bfd21b7c476861beefc2b0aa	v3 screening
https://files.rcsb.org/download/4LVZ.cif.gz	inputs/structures/mmcif/4LVZ.cif.gz	2026-10-09T05:21:42+00:00	200	67985	2b4922c00a974b26c7ddf927cd18a9fcd4d1fe9e085d2c8321482994459d3b0c	v3 screening
https://files.rcsb.org/download/4LW0.cif.gz	inputs/structures/mmcif/4LW0.cif.gz	2026-10-09T05:21:42+00:00	200	63684	e0171650c334648429ec70734f27931953647279e9ffafebfb693ae4b0193e2e	v3 screening
https://files.rcsb.org/download/6Q57.cif.gz	inputs/structures/mmcif/6Q57.cif.gz	2026-10-09T05:21:43+00:00	200	61650	9ab7bb3a3c0277546613ca36b8b1fa3ccb5a56737803f5f30f2b39b8cc16a72d	v3 screening
https://files.rcsb.org/download/7KD1.cif.gz	inputs/structures/mmcif/7KD1.cif.gz	2026-10-09T05:21:47+00:00	200	114445	8012fd4ae9ff843e5bba3e4ae4a4eca719c0ead709eccb7c632e0314dedd560c	v3 screening
https://files.rcsb.org/download/7QR3.cif.gz	inputs/structures/mmcif/7QR3.cif.gz	2026-10-09T05:21:49+00:00	200	287429	2fa75cf36e481870984160c2c8f9a40fd39c6711c0b844b19af82087b9a7f2bd	v3 screening
https://files.rcsb.org/download/7QR4.cif.gz	inputs/structures/mmcif/7QR4.cif.gz	2026-10-09T05:28:48+00:00	200	152807	543fb820d33bbce56a0e0b95c52d848919ca17c712d7364eaf98bb4b07ce69bd	v3 screening
https://files.rcsb.org/download/2MF0.cif.gz	inputs/structures/mmcif/2MF0.cif.gz	2026-10-09T05:28:49+00:00	200	3086367	ca29ec3b718dd51670619bf8fb9eba5bb231fb61a76966ea5e02c3b2db7e3bff	v3 screening
https://files.rcsb.org/download/2MF1.cif.gz	inputs/structures/mmcif/2MF1.cif.gz	2026-10-09T05:28:50+00:00	200	3105324	9b31d4491b1423aef66a6dbb66754ba2b52fd111c3debb62a35b1fb61dfff111	v3 screening
https://files.rcsb.org/download/7YR6.cif.gz	inputs/structures/mmcif/7YR6.cif.gz	2026-10-09T05:28:51+00:00	200	108015	cacf541def2ff4bedd2c2a63e8b7c7625848d5c1770953179e386774c09c88ac	v3 screening
https://files.rcsb.org/download/7YR7.cif.gz	inputs/structures/mmcif/7YR7.cif.gz	2026-10-09T05:28:52+00:00	200	127292	10a53132a7d463a4cc5e9435ce9d9728010416114260f9dc90a888b6fa754a5e	v3 screening
https://eutils.ncbi.nlm.nih.gov/entrez/eutils/efetch.fcgi?db=nuccore&id=AE014133.2&rettype=fasta&retmode=text	inputs/ncbi/genomes/AE014133.2.fasta	2026-10-09T05:29:29+00:00	200	2062024	59fb1be017edf93a0551ef34fc29946f88947d2129ba0906f30ba2ea23b2a6de	v3 exact-source genome
https://eutils.ncbi.nlm.nih.gov/entrez/eutils/efetch.fcgi?db=nuccore&id=FP929059.1&rettype=fasta&retmode=text	inputs/ncbi/genomes/FP929059.1.fasta	2026-10-09T05:29:30+00:00	200	2876694	56487bd179a4b0e07650b6bd548c272a2998ddae21780919343de5ff273fd14d	v3 exact-source genome
https://eutils.ncbi.nlm.nih.gov/entrez/eutils/efetch.fcgi?db=nuccore&id=FP929044.1&rettype=fasta&retmode=text	inputs/ncbi/genomes/FP929044.1.fasta	2026-10-09T05:29:31+00:00	200	2985513	419290095c3e0dac371d34baac8066558c0c2e00ebc869153008e24dfd9ccb4b	v3 exact-source genome
https://eutils.ncbi.nlm.nih.gov/entrez/eutils/efetch.fcgi?db=nuccore&id=AL158040.14&rettype=fasta&retmode=text	inputs/ncbi/genomes/AL158040.14.fasta	2026-10-09T05:29:32+00:00	200	216793	8b27562878ec9eb55b8010d8f48d49296a10a4a7a93a049bec7397d96da31848	v3 exact-source genome
https://eutils.ncbi.nlm.nih.gov/entrez/eutils/efetch.fcgi?db=nuccore&id=AE004091.2&rettype=fasta&retmode=text	inputs/ncbi/genomes/AE004091.2.fasta	2026-10-09T05:29:33+00:00	200	6353954	af2a1e645e0515c1e65da11e6726722bc45bc6496d9b0ee5e301b3b553cdfa7b	v3 exact-source genome
https://eutils.ncbi.nlm.nih.gov/entrez/eutils/efetch.fcgi?db=nuccore&id=CP003190.1&rettype=fasta&retmode=text	inputs/ncbi/genomes/CP003190.1.fasta	2026-10-09T05:29:35+00:00	200	6966151	cfedde0fbb129846629da223a087d958b3c373a1f68236c42328f03a6abd9845	v3 exact-source genome
https://eutils.ncbi.nlm.nih.gov/entrez/eutils/efetch.fcgi?db=nuccore&id=CP000438.1&rettype=fasta&retmode=text	inputs/ncbi/genomes/CP000438.1.fasta	2026-10-09T05:30:22+00:00	200	6631107	5f701a3a63de5a8127c8b5ebd73dd18b515d50dd752f180c31bfbd728db7e7de	v3 exact-source genome
https://www.ebi.ac.uk/europepmc/webservices/rest/search?format=json&resultType=core&query=EXT_ID%3A36828938%20AND%20SRC%3AMED	inputs/literature/v3_7YR6_epmc.json	2026-10-09T05:30:38+00:00	200	9614	6ac16ffd009c72f7f545dc94119a583c863badf20f19e1bbb5d44b8f34aa8626	v3 literature/metadata
https://www.ebi.ac.uk/europepmc/webservices/rest/search?format=json&resultType=core&query=%22Anticodon-like%20loop-mediated%20dimerization%22	inputs/literature/v3_7QR3_epmc.json	2026-10-09T05:31:00+00:00	200	3754	78b1470cf52bad8d0860582871e11afa9b89fca8587831725db469ead5338c4c	v3 literature/metadata
https://pmc.ncbi.nlm.nih.gov/articles/PMC7981257/	inputs/literature/v3_PMC7981257.html	2026-10-09T05:31:32+00:00	200	171129	4745db5946fbb5b8dd5585723a9f0c7bb861b93ba02447d82bd13c4dfa8a684d	v3 literature/metadata
https://pmc.ncbi.nlm.nih.gov/articles/PMC3935398/	inputs/literature/v3_PMC3935398.html	2026-10-09T05:31:33+00:00	200	216584	559fe90293f2e9dc0b022a0dfc606756bf41ea556443dbd6d3b8a4eb01ca90cf	v3 literature/metadata
https://pmc.ncbi.nlm.nih.gov/articles/PMC10066318/	inputs/literature/v3_PMC10066318.html	2026-10-09T05:31:34+00:00	200	136018	71e693c9baf96800d0bff03087eabbfb94c583f2f2e32bc8400a79196aab0c39	v3 literature/metadata
https://files.rcsb.org/download/4ZNP.cif.gz	inputs/structures/mmcif/4ZNP.cif.gz	2026-10-09T05:32:30+00:00	200	88769	c3b1a27f8a057888415a18b70706350401c546b3699f881b962644b6742119e1	v3 screening
https://files.rcsb.org/download/5BTP.cif.gz	inputs/structures/mmcif/5BTP.cif.gz	2026-10-09T05:32:31+00:00	200	152779	767ebf24838f26f2c20ad952b035c4840f3638af092aacde9bdbe18dff3a0d34	v3 screening
https://files.rcsb.org/download/4XW7.cif.gz	inputs/structures/mmcif/4XW7.cif.gz	2026-10-09T05:32:32+00:00	200	51847	658eac61a39405220316c3c3129036008e9a01bded351b192f3c87e5c159461d	v3 screening
https://files.rcsb.org/download/4XWF.cif.gz	inputs/structures/mmcif/4XWF.cif.gz	2026-10-09T05:32:33+00:00	200	54375	f03b419e4f85b7dceab9a0d8a7bcfd568e552fa32e1d12999799349a23ce0f72	v3 screening
https://files.rcsb.org/download/6OD9.cif.gz	inputs/structures/mmcif/6OD9.cif.gz	2026-10-09T05:32:33+00:00	200	84448	1c92a3319ca91ae3c885ee45a2de7a92edd28f76f81fd127757bca22a25e923a	v3 screening
https://files.rcsb.org/download/6WZR.cif.gz	inputs/structures/mmcif/6WZR.cif.gz	2026-10-09T05:32:34+00:00	200	153750	2bcb1a4a6a75dce7c69fb90246020abd392fafcb548bc040451a69d2aeb0d968	v3 screening
https://files.rcsb.org/download/6WZS.cif.gz	inputs/structures/mmcif/6WZS.cif.gz	2026-10-09T05:32:35+00:00	200	154669	7db9de63a6252e671a21eef9ddf22101a99fbeb16a0f0da93b1df1de2e940028	v3 screening
https://files.rcsb.org/download/4ENC.cif.gz	inputs/structures/mmcif/4ENC.cif.gz	2026-10-09T05:32:35+00:00	200	71562	035ba4b17045cde2425ffd3de5c613da82ef05995b1a6a82e226cde432af2e6d	v3 screening
https://files.rcsb.org/download/5KH8.cif.gz	inputs/structures/mmcif/5KH8.cif.gz	2026-10-09T05:32:37+00:00	200	581065	f34bd65825e4e89a97cc34b230be35068ae1c5114332e1b8a100b08955e279aa	v3 screening
https://files.rcsb.org/download/3VRS.cif.gz	inputs/structures/mmcif/3VRS.cif.gz	2026-10-09T05:32:37+00:00	200	41640	8ece55ddf019a64a8308517c22360d83804a99008926f8a657ac8c2fb507d43e	v3 screening
https://www.ebi.ac.uk/europepmc/webservices/rest/search?format=json&resultType=core&query=EXT_ID%3A26118534%20AND%20SRC%3AMED	inputs/literature/v3_4ZNP_epmc.json	2026-10-09T05:33:04+00:00	200	7979	d06672021dde35ed58873deca43223735d7bf19c4be7b1f4fbe3f33e70b32e0f	v3 literature/metadata
https://www.ebi.ac.uk/europepmc/webservices/rest/search?format=json&resultType=core&query=EXT_ID%3A26144884%20AND%20SRC%3AMED	inputs/literature/v3_4XW7_epmc.json	2026-10-09T05:33:05+00:00	200	7059	ba80573204b0dfc19b69aa30dfc8e09d3a8856ac7cc06cbe17ff17684f255cf4	v3 literature/metadata
https://pmc.ncbi.nlm.nih.gov/articles/PMC4685959/	inputs/literature/v3_PMC4685959.html	2026-10-09T05:33:11+00:00	200	21376	c90e20aee3683b6888de9d8b99983e6f7ee07e422cddbd8f9f50e2e3e18365d7	v3 literature/metadata
https://pmc.ncbi.nlm.nih.gov/articles/PMC4557640/	inputs/literature/v3_PMC4557640.html	2026-10-09T05:33:12+00:00	200	21379	1d2468369dc428f9fb1cd73e1eec89cd9bf757379372f07ea25e809f9ebe5d10	v3 literature/metadata
https://blast.ncbi.nlm.nih.gov/Blast.cgi?CMD=Get&FORMAT_TYPE=XML&RID=CGZ59M5M014	inputs/blast/v3_4ZNP_A.xml	2026-10-09T05:34:16+00:00	200	1983	8c7100cb6111a73c434b5593e80cd2e1bf9d0ba7e4df33cd155b18ff16261b63	v3 blast Thermosinus[organism]
https://blast.ncbi.nlm.nih.gov/Blast.cgi?CMD=Get&FORMAT_TYPE=XML&RID=CGZ5BG9G014	inputs/blast/v3_4XWF_A.xml	2026-10-09T05:34:18+00:00	200	63696	3c84c03929687e09448eeecab2c9312d2635147b186889286a125266cd00b646	v3 blast Actinomyces odontolyticus[organism] OR Schaalia odontolytica[organism]
https://eutils.ncbi.nlm.nih.gov/entrez/eutils/efetch.fcgi?db=nuccore&id=AAWL01000001.1,AAWL01000002.1,AAWL01000003.1,AAWL01000004.1,AAWL01000005.1,AAWL01000006.1,AAWL01000007.1,AAWL01000008.1,AAWL01000009.1,AAWL01000010.1,AAWL01000011.1,AAWL01000012.1,AAWL01000013.1,AAWL01000014.1,AAWL01000015.1,AAWL01000016.1,AAWL01000017.1,AAWL01000018.1,AAWL01000019.1,AAWL01000020.1,AAWL01000021.1,AAWL01000022.1,AAWL01000023.1,AAWL01000024.1,AAWL01000025.1,AAWL01000026.1,AAWL01000027.1,AAWL01000028.1,AAWL01000029.1,AAWL01000030.1,AAWL01000031.1,AAWL01000032.1,AAWL01000033.1,AAWL01000034.1,AAWL01000035.1,AAWL01000036.1,AAWL01000037.1,AAWL01000038.1,AAWL01000039.1,AAWL01000040.1,AAWL01000041.1,AAWL01000042.1,AAWL01000043.1,AAWL01000044.1,AAWL01000045.1,AAWL01000046.1,AAWL01000047.1,AAWL01000048.1,AAWL01000049.1&rettype=fasta&retmode=text	inputs/ncbi/genomes/AAWL01_Tcarboxydivorans_Nor1_contigs.fasta	2026-10-09T05:35:15+00:00	200	2935338	444df3ee619f61a1b73fde35dff4a08c224d6e20335a1fbb5c54322465442b32	v3 literature/metadata
https://eutils.ncbi.nlm.nih.gov/entrez/eutils/efetch.fcgi?db=nuccore&id=AAYI02000001.1,AAYI02000002.1,AAYI02000003.1,AAYI02000004.1&rettype=fasta&retmode=text	inputs/ncbi/genomes/AAYI02_Aodontolyticus_ATCC17982_contigs.fasta	2026-10-09T05:35:17+00:00	200	2428434	a6234179091523a44b5d0e79e18c502bc211fa93f32afcd7fd4ed1edada422b6	v3 literature/metadata
https://files.rcsb.org/download/6UEY.cif.gz	inputs/structures/mmcif/6UEY.cif.gz	2026-10-09T05:35:59+00:00	200	158321	f890b58f491a87cbc4199ef080067fddaf8314317841b48e21ac4c1fa361a6ec	v3 screening
https://files.rcsb.org/download/6UFJ.cif.gz	inputs/structures/mmcif/6UFJ.cif.gz	2026-10-09T05:36:00+00:00	200	157598	272f8b373015144b4d5ba0888114e26b84246bf02a9a19b89af505f59c3cf399	v3 screening
https://files.rcsb.org/download/6UF1.cif.gz	inputs/structures/mmcif/6UF1.cif.gz	2026-10-09T05:36:00+00:00	200	85849	bf70e83d737bced39a75a9428fe9f671e6492df962ff51bb7c36322e0b9cef1e	v3 screening
https://files.rcsb.org/download/6UFK.cif.gz	inputs/structures/mmcif/6UFK.cif.gz	2026-10-09T05:36:01+00:00	200	84751	7bef184d234a60a7874095fed3306dc64666f9363dc90af389706fa4c773140a	v3 screening
https://files.rcsb.org/download/2QUS.cif.gz	inputs/structures/mmcif/2QUS.cif.gz	2026-10-09T05:36:14+00:00	200	90660	015bbfc94a060503e0e5d261ba51e96b1c984c07fdf3b92d8b3d5f9fe3f98595	v3 screening
https://files.rcsb.org/download/2QUW.cif.gz	inputs/structures/mmcif/2QUW.cif.gz	2026-10-09T05:36:15+00:00	200	90178	17f12f09fb4b7d7a9ec01c0195b86c215f07f17a516242b3115e0568cc5c9d6c	v3 screening
https://files.rcsb.org/download/5DI2.cif.gz	inputs/structures/mmcif/5DI2.cif.gz	2026-10-09T05:36:16+00:00	200	65012	150d14e616525b3cc2e261ee9ea08e97709bcc57c395b318d7b34f00a63bddd5	v3 screening
https://files.rcsb.org/download/4L81.cif.gz	inputs/structures/mmcif/4L81.cif.gz	2026-10-09T05:36:17+00:00	200	67567	e536418bd71a0da1dd98448679288a024d10b8724837f090adcf81097c60104a	v3 screening
https://files.rcsb.org/download/4OQU.cif.gz	inputs/structures/mmcif/4OQU.cif.gz	2026-10-09T05:36:18+00:00	200	64778	8673d92d69166541e6e2257dea525efb2e5c21fa4842459f05159e9ef03890be	v3 screening
https://files.rcsb.org/download/6JQ5.cif.gz	inputs/structures/mmcif/6JQ5.cif.gz	2026-10-09T05:36:19+00:00	200	192238	08441555ced437dc8d510cbe3fe6c85b728a90cfe66756f70e22295e327f8dd6	v3 screening
https://files.rcsb.org/download/6JQ6.cif.gz	inputs/structures/mmcif/6JQ6.cif.gz	2026-10-09T05:36:20+00:00	200	100720	483c1d6adb7949127b5467cca5a6fb1d6f5712275e5beaa6e4ea82ed6eb71086	v3 screening
https://files.rcsb.org/download/4FRG.cif.gz	inputs/structures/mmcif/4FRG.cif.gz	2026-10-09T05:36:51+00:00	200	202949	54661c085e6ac531009c6e9d56d500a53a9c0a9e89b8cffd0554a2c3f1fb67df	v3 screening
https://files.rcsb.org/download/4FRN.cif.gz	inputs/structures/mmcif/4FRN.cif.gz	2026-10-09T05:36:52+00:00	200	241357	dc4a46ee1231c9c6cb662892e8ffbc1170c6883d620fc30b650b07534071d4f3	v3 screening
https://files.rcsb.org/download/6V5B.cif.gz	inputs/structures/mmcif/6V5B.cif.gz	2026-10-09T05:36:53+00:00	200	317746	adc8d9ccbc17da0fbc839a50b680551d7a283c64f7161dfa8751998b58f2aaf0	v3 screening
https://files.rcsb.org/download/6V5C.cif.gz	inputs/structures/mmcif/6V5C.cif.gz	2026-10-09T05:36:54+00:00	200	309259	ef93a81fb8f0a580d78ac3afb9a93fd6839739475eed1641d6217767266c300b	v3 screening
https://files.rcsb.org/download/6LXD.cif.gz	inputs/structures/mmcif/6LXD.cif.gz	2026-10-09T05:36:55+00:00	200	304075	722a9532997e284ef22ec34c39049fa68cf36e3b9448622369c9214433522796	v3 screening
https://www.ebi.ac.uk/europepmc/webservices/rest/search?format=json&resultType=core&query=EXT_ID%3A23064232%20AND%20SRC%3AMED	inputs/literature/v3_4FRG_epmc.json	2026-10-09T05:37:09+00:00	200	8023	026c3ed6e85df04fc993baee0642f43c3a57ce936583df9a5a116d13ae2d5fd0	v3 literature/metadata
https://pmc.ncbi.nlm.nih.gov/articles/PMC3518761/	inputs/literature/v3_PMC3518761.html	2026-10-09T05:37:10+00:00	200	170412	4f4687464d76c9cdcac0b330e4007b2aedc56d5f825bd2464457fb69c62cc655	v3 literature/metadata
https://eutils.ncbi.nlm.nih.gov/entrez/eutils/efetch.fcgi?db=nuccore&id=AACY021350931.1&rettype=fasta&retmode=text	inputs/ncbi/genomes/AACY021350931.1.fasta	2026-10-09T05:37:27+00:00	200	967	afbe8d1fec19a228e682bac2bd8003f6e1fafc80b556ea7df00e29dd375b4686	v3 exact-source genome
https://eutils.ncbi.nlm.nih.gov/entrez/eutils/efetch.fcgi?db=nuccore&id=AACY023653040.1&rettype=fasta&retmode=text	inputs/ncbi/genomes/AACY023653040.1.fasta	2026-10-09T05:37:28+00:00	200	1284	f3cfe203d915bb3d1ee713c2ef0dc7e6b448c7b04099effb7e70d573b8ddb52b	v3 exact-source genome
