star3d_index0	label_seq_id	auth_seq_id	ins_code	comp_id	het	n_atoms	has_all_star3d_atoms	missing_star3d_atoms
0	1	1	NA	G	A	20	no	P
1	2	2	NA	G	A	23	yes	NA
2	3	3	NA	A	A	22	yes	NA
3	4	4	NA	U	A	20	yes	NA
4	5	5	NA	C	A	20	yes	NA
5	6	6	NA	G	A	23	yes	NA
6	7	7	NA	C	A	20	yes	NA
7	8	8	NA	U	A	20	yes	NA
8	9	9	NA	A	A	22	yes	NA
9	10	10	NA	G	A	23	yes	NA
10	11	11	NA	G	A	23	yes	NA
11	12	12	NA	G	A	23	yes	NA
12	13	13	NA	U	A	20	yes	NA
13	14	14	NA	U	A	20	yes	NA
14	15	15	NA	C	A	20	yes	NA
15	16	16	NA	C	A	20	yes	NA
16	17	17	NA	G	A	23	yes	NA
17	18	18	NA	G	A	23	yes	NA
18	19	19	NA	U	A	20	yes	NA
19	20	20	NA	C	A	20	yes	NA
20	21	21	NA	G	A	23	yes	NA
21	22	22	NA	U	A	20	yes	NA
22	23	23	NA	G	A	23	yes	NA
23	24	24	NA	C	A	20	yes	NA
24	25	25	NA	G	A	23	yes	NA
25	26	26	NA	G	A	23	yes	NA
26	27	27	NA	C	A	20	yes	NA
27	28	28	NA	G	A	23	yes	NA
28	29	29	NA	U	A	20	yes	NA
29	33	33	NA	C	A	20	yes	NA
30	34	34	NA	G	A	23	yes	NA
31	35	35	NA	C	A	20	yes	NA
32	36	36	NA	C	A	20	yes	NA
33	37	37	NA	G	A	23	yes	NA
34	38	38	NA	C	A	20	yes	NA
35	39	39	NA	A	A	22	yes	NA
36	40	40	NA	C	A	20	yes	NA
37	41	41	NA	G	A	23	yes	NA
38	42	42	NA	A	A	22	yes	NA
39	43	43	NA	U	A	20	yes	NA
40	44	44	NA	G	A	23	yes	NA
41	45	45	NA	C	A	20	yes	NA
42	46	46	NA	U	A	20	yes	NA
43	47	47	NA	G	A	23	yes	NA
44	48	48	NA	G	A	23	yes	NA
45	49	49	NA	U	A	20	yes	NA
46	50	50	NA	C	A	20	yes	NA
47	51	51	NA	C	A	20	yes	NA
48	52	52	NA	G	A	23	yes	NA
49	53	53	NA	A	A	22	yes	NA
50	54	54	NA	G	A	23	yes	NA
51	55	55	NA	A	A	22	yes	NA
52	56	56	NA	G	A	23	yes	NA
53	57	57	NA	C	A	20	yes	NA
54	58	58	NA	A	A	22	yes	NA
55	59	59	NA	A	A	22	yes	NA
56	60	60	NA	U	A	20	yes	NA
57	61	61	NA	C	A	20	yes	NA
58	62	62	NA	C	A	20	yes	NA
59	63	63	NA	G	A	23	yes	NA
60	64	64	NA	G	A	23	yes	NA
61	65	65	NA	U	A	20	yes	NA
62	66	66	NA	C	A	20	yes	NA
63	67	67	NA	U	A	20	yes	NA
64	68	68	NA	U	A	20	yes	NA
65	69	69	NA	G	A	23	yes	NA
66	70	70	NA	C	A	20	yes	NA
67	71	71	NA	C	A	20	yes	NA
68	72	72	NA	U	A	20	yes	NA
69	73	73	NA	U	A	20	yes	NA
70	74	74	NA	C	A	20	yes	NA
71	75	75	NA	G	A	23	yes	NA
72	76	76	NA	C	A	20	yes	NA
73	77	77	NA	C	A	20	yes	NA
74	78	78	NA	U	A	20	yes	NA
75	79	79	NA	C	A	20	yes	NA
76	80	80	NA	G	A	23	yes	NA
77	81	81	NA	U	A	20	yes	NA
78	82	82	NA	U	A	20	yes	NA
79	83	83	NA	C	A	20	yes	NA
80	84	84	NA	G	A	23	yes	NA
81	85	85	NA	C	A	20	yes	NA
82	86	86	NA	G	A	23	yes	NA
83	87	87	NA	A	A	22	yes	NA
84	88	88	NA	G	A	23	yes	NA
85	89	89	NA	G	A	23	yes	NA
86	90	90	NA	A	A	22	yes	NA
87	91	91	NA	A	A	22	yes	NA
88	92	92	NA	A	A	22	yes	NA
89	93	93	NA	C	A	20	yes	NA
90	94	94	NA	G	A	23	yes	NA
91	95	95	NA	G	A	23	yes	NA
92	96	96	NA	C	A	20	yes	NA
93	97	97	NA	G	A	23	yes	NA
94	98	98	NA	A	A	22	yes	NA
95	99	99	NA	G	A	23	yes	NA
96	100	100	NA	G	A	23	yes	NA
97	101	101	NA	C	A	20	yes	NA
98	102	102	NA	U	A	20	yes	NA
99	103	103	NA	C	A	20	yes	NA
100	104	104	NA	C	A	20	yes	NA
101	105	105	NA	A	A	22	yes	NA
102	106	106	NA	C	A	20	yes	NA
103	107	107	NA	G	A	23	yes	NA
104	108	108	NA	G	A	23	yes	NA
105	109	109	NA	A	A	22	yes	NA
106	110	110	NA	G	A	23	yes	NA
107	111	111	NA	G	A	23	yes	NA
108	112	112	NA	G	A	23	yes	NA
109	113	113	NA	A	A	22	yes	NA
110	114	114	NA	U	A	20	yes	NA
111	115	115	NA	A	A	22	yes	NA
112	116	116	NA	A	A	22	yes	NA
113	117	117	NA	A	A	22	yes	NA
114	118	118	NA	A	A	22	yes	NA
115	119	119	NA	G	A	23	yes	NA
116	120	120	NA	C	A	20	yes	NA
117	121	121	NA	C	A	20	yes	NA
118	122	122	NA	C	A	20	yes	NA
119	123	123	NA	G	A	23	yes	NA
120	124	124	NA	G	A	23	yes	NA
121	125	125	NA	G	A	23	yes	NA
122	126	126	NA	A	A	22	yes	NA
123	127	127	NA	G	A	23	yes	NA
124	128	128	NA	G	A	23	yes	NA
